Year,Indicator,JET8,JETSDG,NDC cond.,NDC uncon.,Base,,,,,,,,,,,,,,,,,,,,,,,,
2019,GDPPCP,2.014,2.014,2.014,2.014,2.014,,,,,,,,,,,,,,,,,,,,,,,,
2020,GDPPCP,1.964,1.964,1.964,1.964,1.964,,,,,,,,,,,,,,,,,,,,,,,,
2021,GDPPCP,1.941,1.941,1.941,1.941,1.941,,,,,,,,,,,,,,,,,,,,,,,,
2022,GDPPCP,1.964,1.964,1.964,1.964,1.964,,,,,,,,,,,,,,,,,,,,,,,,
2023,GDPPCP,1.942,1.942,1.942,1.942,1.942,,,,,,,,,,,,,,,,,,,,,,,,
2024,GDPPCP,1.953,1.949,1.954,1.954,1.954,,,,,,,,,,,,,,,,,,,,,,,,
2025,GDPPCP,1.991,1.988,1.986,1.989,1.989,,,,,,,,,,,,,,,,,,,,,,,,
2026,GDPPCP,2.033,2.03,2.03,2.03,2.033,,,,,,,,,,,,,,,,,,,,,,,,
2027,GDPPCP,2.067,2.073,2.074,2.076,2.066,,,,,,,,,,,,,,,,,,,,,,,,
2028,GDPPCP,2.106,2.117,2.12,2.121,2.104,,,,,,,,,,,,,,,,,,,,,,,,
2029,GDPPCP,2.144,2.162,2.166,2.164,2.14,,,,,,,,,,,,,,,,,,,,,,,,
2030,GDPPCP,2.183,2.21,2.218,2.212,2.178,,,,,,,,,,,,,,,,,,,,,,,,
2031,GDPPCP,2.226,2.262,2.263,2.257,2.218,,,,,,,,,,,,,,,,,,,,,,,,
2032,GDPPCP,2.274,2.319,2.318,2.309,2.261,,,,,,,,,,,,,,,,,,,,,,,,
2033,GDPPCP,2.325,2.381,2.379,2.367,2.307,,,,,,,,,,,,,,,,,,,,,,,,
2034,GDPPCP,2.379,2.448,2.445,2.431,2.358,,,,,,,,,,,,,,,,,,,,,,,,
2035,GDPPCP,2.437,2.519,2.516,2.5,2.412,,,,,,,,,,,,,,,,,,,,,,,,
2036,GDPPCP,2.498,2.595,2.592,2.574,2.469,,,,,,,,,,,,,,,,,,,,,,,,
2037,GDPPCP,2.564,2.678,2.676,2.654,2.531,,,,,,,,,,,,,,,,,,,,,,,,
2038,GDPPCP,2.635,2.767,2.765,2.741,2.598,,,,,,,,,,,,,,,,,,,,,,,,
2039,GDPPCP,2.71,2.862,2.861,2.834,2.669,,,,,,,,,,,,,,,,,,,,,,,,
2040,GDPPCP,2.791,2.964,2.964,2.935,2.746,,,,,,,,,,,,,,,,,,,,,,,,
2041,GDPPCP,2.878,3.074,3.075,3.042,2.827,,,,,,,,,,,,,,,,,,,,,,,,
2042,GDPPCP,2.97,3.192,3.193,3.156,2.915,,,,,,,,,,,,,,,,,,,,,,,,
2043,GDPPCP,3.069,3.319,3.322,3.279,3.007,,,,,,,,,,,,,,,,,,,,,,,,
2044,GDPPCP,3.174,3.454,3.461,3.41,3.105,,,,,,,,,,,,,,,,,,,,,,,,
2045,GDPPCP,3.285,3.598,3.608,3.55,3.208,,,,,,,,,,,,,,,,,,,,,,,,
2046,GDPPCP,3.402,3.751,3.761,3.699,3.317,,,,,,,,,,,,,,,,,,,,,,,,
2047,GDPPCP,3.525,3.912,3.926,3.857,3.433,,,,,,,,,,,,,,,,,,,,,,,,
2048,GDPPCP,3.655,4.083,4.1,4.027,3.554,,,,,,,,,,,,,,,,,,,,,,,,
2049,GDPPCP,3.791,4.263,4.283,4.208,3.682,,,,,,,,,,,,,,,,,,,,,,,,
2050,GDPPCP,3.933,4.453,4.473,4.402,3.816,,,,,,,,,,,,,,,,,,,,,,,,
2051,GDPPCP,4.081,4.653,4.673,4.606,3.955,,,,,,,,,,,,,,,,,,,,,,,,
2052,GDPPCP,4.234,4.862,4.884,4.822,4.101,,,,,,,,,,,,,,,,,,,,,,,,
2053,GDPPCP,4.394,5.082,5.105,5.051,4.253,,,,,,,,,,,,,,,,,,,,,,,,
2054,GDPPCP,4.56,5.311,5.336,5.29,4.411,,,,,,,,,,,,,,,,,,,,,,,,
2055,GDPPCP,4.732,5.551,5.58,5.541,4.575,,,,,,,,,,,,,,,,,,,,,,,,
2056,GDPPCP,4.911,5.806,5.837,5.806,4.746,,,,,,,,,,,,,,,,,,,,,,,,
2057,GDPPCP,5.096,6.073,6.106,6.08,4.923,,,,,,,,,,,,,,,,,,,,,,,,
2058,GDPPCP,5.288,6.352,6.389,6.368,5.108,,,,,,,,,,,,,,,,,,,,,,,,
2059,GDPPCP,5.487,6.646,6.683,6.671,5.298,,,,,,,,,,,,,,,,,,,,,,,,
2060,GDPPCP,5.694,6.953,6.99,6.988,5.496,,,,,,,,,,,,,,,,,,,,,,,,
2061,GDPPCP,5.912,7.276,7.31,7.32,5.702,,,,,,,,,,,,,,,,,,,,,,,,
2062,GDPPCP,6.136,7.613,7.644,7.667,5.916,,,,,,,,,,,,,,,,,,,,,,,,
2063,GDPPCP,6.371,7.967,7.992,8.029,6.137,,,,,,,,,,,,,,,,,,,,,,,,
2064,GDPPCP,6.615,8.338,8.354,8.408,6.367,,,,,,,,,,,,,,,,,,,,,,,,
2065,GDPPCP,6.867,8.739,8.731,8.803,6.606,,,,,,,,,,,,,,,,,,,,,,,,
2066,GDPPCP,7.13,9.156,9.144,9.229,6.853,,,,,,,,,,,,,,,,,,,,,,,,
2067,GDPPCP,7.402,9.593,9.572,9.67,7.11,,,,,,,,,,,,,,,,,,,,,,,,
2068,GDPPCP,7.685,10.05,10.02,10.13,7.376,,,,,,,,,,,,,,,,,,,,,,,,
2069,GDPPCP,7.977,10.52,10.48,10.6,7.651,,,,,,,,,,,,,,,,,,,,,,,,
2070,GDPPCP,8.281,11.01,10.96,11.09,7.941,,,,,,,,,,,,,,,,,,,,,,,,
2071,GDPPCP,8.595,11.52,11.46,11.6,8.241,,,,,,,,,,,,,,,,,,,,,,,,
2072,GDPPCP,8.919,12.05,11.97,12.14,8.552,,,,,,,,,,,,,,,,,,,,,,,,
2073,GDPPCP,9.254,12.59,12.51,12.69,8.874,,,,,,,,,,,,,,,,,,,,,,,,
2074,GDPPCP,9.598,13.15,13.07,13.27,9.205,,,,,,,,,,,,,,,,,,,,,,,,
2075,GDPPCP,9.951,13.74,13.65,13.88,9.546,,,,,,,,,,,,,,,,,,,,,,,,
2076,GDPPCP,10.31,14.34,14.25,14.5,9.895,,,,,,,,,,,,,,,,,,,,,,,,
2077,GDPPCP,10.69,14.96,14.87,15.14,10.25,,,,,,,,,,,,,,,,,,,,,,,,
2078,GDPPCP,11.07,15.6,15.51,15.81,10.62,,,,,,,,,,,,,,,,,,,,,,,,
2079,GDPPCP,11.46,16.28,16.18,16.5,10.99,,,,,,,,,,,,,,,,,,,,,,,,
2080,GDPPCP,11.86,16.97,16.88,17.21,11.38,,,,,,,,,,,,,,,,,,,,,,,,
2081,GDPPCP,12.28,17.7,17.59,17.96,11.77,,,,,,,,,,,,,,,,,,,,,,,,
2082,GDPPCP,12.7,18.47,18.33,18.73,12.18,,,,,,,,,,,,,,,,,,,,,,,,
2083,GDPPCP,13.14,19.26,19.09,19.54,12.6,,,,,,,,,,,,,,,,,,,,,,,,
2084,GDPPCP,13.59,20.08,19.88,20.38,13.03,,,,,,,,,,,,,,,,,,,,,,,,
2085,GDPPCP,14.05,20.94,20.7,21.24,13.47,,,,,,,,,,,,,,,,,,,,,,,,
2086,GDPPCP,14.52,21.81,21.55,22.12,13.93,,,,,,,,,,,,,,,,,,,,,,,,
2087,GDPPCP,15,22.7,22.4,23.03,14.4,,,,,,,,,,,,,,,,,,,,,,,,
2088,GDPPCP,15.5,23.62,23.26,23.97,14.88,,,,,,,,,,,,,,,,,,,,,,,,
2089,GDPPCP,16,24.56,24.14,24.92,15.36,,,,,,,,,,,,,,,,,,,,,,,,
2090,GDPPCP,16.52,25.52,25.04,25.89,15.86,,,,,,,,,,,,,,,,,,,,,,,,
2091,GDPPCP,17.05,26.51,25.95,26.88,16.37,,,,,,,,,,,,,,,,,,,,,,,,
2092,GDPPCP,17.59,27.52,26.87,27.87,16.9,,,,,,,,,,,,,,,,,,,,,,,,
2093,GDPPCP,18.15,28.54,27.8,28.87,17.43,,,,,,,,,,,,,,,,,,,,,,,,
2094,GDPPCP,18.72,29.57,28.75,29.9,17.98,,,,,,,,,,,,,,,,,,,,,,,,
2095,GDPPCP,19.31,30.63,29.7,30.93,18.54,,,,,,,,,,,,,,,,,,,,,,,,
2096,GDPPCP,19.91,31.71,30.68,31.98,19.11,,,,,,,,,,,,,,,,,,,,,,,,
2097,GDPPCP,20.51,32.81,31.68,33.05,19.69,,,,,,,,,,,,,,,,,,,,,,,,
2098,GDPPCP,21.13,33.94,32.69,34.1,20.28,,,,,,,,,,,,,,,,,,,,,,,,
2099,GDPPCP,21.73,35.03,33.68,35.12,20.85,,,,,,,,,,,,,,,,,,,,,,,,
2100,GDPPCP,22.33,36.15,34.7,36.16,21.44,,,,,,,,,,,,,,,,,,,,,,,,
2019,INCOMELT215LN,274.6,274.6,274.6,274.6,274.6,,,,,,,,,,,,,,,,,,,,,,,,
2020,INCOMELT215LN,289.5,289.5,289.5,289.5,289.5,,,,,,,,,,,,,,,,,,,,,,,,
2021,INCOMELT215LN,296.6,296.6,296.6,296.6,296.6,,,,,,,,,,,,,,,,,,,,,,,,
2022,INCOMELT215LN,304.4,304.4,304.4,304.4,304.4,,,,,,,,,,,,,,,,,,,,,,,,
2023,INCOMELT215LN,322.2,322.2,322.2,322.2,322.2,,,,,,,,,,,,,,,,,,,,,,,,
2024,INCOMELT215LN,339.1,336.6,338.3,339.4,339.4,,,,,,,,,,,,,,,,,,,,,,,,
2025,INCOMELT215LN,351.3,347.1,347.2,351.1,351.1,,,,,,,,,,,,,,,,,,,,,,,,
2026,INCOMELT215LN,356.8,351.9,351,354,356.4,,,,,,,,,,,,,,,,,,,,,,,,
2027,INCOMELT215LN,358.2,352.2,350.4,351.7,357.7,,,,,,,,,,,,,,,,,,,,,,,,
2028,INCOMELT215LN,358,351,348.4,349.6,357.8,,,,,,,,,,,,,,,,,,,,,,,,
2029,INCOMELT215LN,358.6,349.7,346.8,348.8,358.9,,,,,,,,,,,,,,,,,,,,,,,,
2030,INCOMELT215LN,359.2,347.8,344.7,348.2,360.3,,,,,,,,,,,,,,,,,,,,,,,,
2031,INCOMELT215LN,359.5,345,343.4,347.9,362.1,,,,,,,,,,,,,,,,,,,,,,,,
2032,INCOMELT215LN,360.1,341.8,341.4,347.2,364.8,,,,,,,,,,,,,,,,,,,,,,,,
2033,INCOMELT215LN,361.7,338.9,339.1,346.1,368.2,,,,,,,,,,,,,,,,,,,,,,,,
2034,INCOMELT215LN,364.8,336.6,336.3,344.5,372.2,,,,,,,,,,,,,,,,,,,,,,,,
2035,INCOMELT215LN,368.4,334.3,333.2,342.4,375.8,,,,,,,,,,,,,,,,,,,,,,,,
2036,INCOMELT215LN,371.7,331.3,329.3,339.5,378.7,,,,,,,,,,,,,,,,,,,,,,,,
2037,INCOMELT215LN,374.4,328.6,325.8,335.8,380.3,,,,,,,,,,,,,,,,,,,,,,,,
2038,INCOMELT215LN,375.8,325.3,322.8,330.7,380.7,,,,,,,,,,,,,,,,,,,,,,,,
2039,INCOMELT215LN,374.9,320.5,318.6,326.1,379.6,,,,,,,,,,,,,,,,,,,,,,,,
2040,INCOMELT215LN,371.7,314.5,312.2,319.8,376.5,,,,,,,,,,,,,,,,,,,,,,,,
2041,INCOMELT215LN,367.4,306.7,303.5,311.4,372.4,,,,,,,,,,,,,,,,,,,,,,,,
2042,INCOMELT215LN,362.1,296.4,293.5,301.6,367.3,,,,,,,,,,,,,,,,,,,,,,,,
2043,INCOMELT215LN,354.8,285.2,282.8,290.8,361.4,,,,,,,,,,,,,,,,,,,,,,,,
2044,INCOMELT215LN,346.8,274.1,272.5,279.7,354.4,,,,,,,,,,,,,,,,,,,,,,,,
2045,INCOMELT215LN,338.3,263.8,262.4,268.8,347,,,,,,,,,,,,,,,,,,,,,,,,
2046,INCOMELT215LN,329.9,253.8,252.5,258.7,339,,,,,,,,,,,,,,,,,,,,,,,,
2047,INCOMELT215LN,321.4,244.4,242.3,249.3,330.3,,,,,,,,,,,,,,,,,,,,,,,,
2048,INCOMELT215LN,312.9,235.3,231.4,240.6,321.8,,,,,,,,,,,,,,,,,,,,,,,,
2049,INCOMELT215LN,304.8,226.5,220.8,231.9,313.5,,,,,,,,,,,,,,,,,,,,,,,,
2050,INCOMELT215LN,297.2,218,210.6,222.9,305.9,,,,,,,,,,,,,,,,,,,,,,,,
2051,INCOMELT215LN,289.9,209.8,200.7,213.2,298.5,,,,,,,,,,,,,,,,,,,,,,,,
2052,INCOMELT215LN,282.5,202,191.5,203.5,291,,,,,,,,,,,,,,,,,,,,,,,,
2053,INCOMELT215LN,275.3,194.1,182.7,193.5,283.6,,,,,,,,,,,,,,,,,,,,,,,,
2054,INCOMELT215LN,268.1,186.2,172.9,183.5,275.9,,,,,,,,,,,,,,,,,,,,,,,,
2055,INCOMELT215LN,260.8,177.2,164.5,172.7,268.2,,,,,,,,,,,,,,,,,,,,,,,,
2056,INCOMELT215LN,253.4,169.4,156.7,163.5,260.3,,,,,,,,,,,,,,,,,,,,,,,,
2057,INCOMELT215LN,246.3,161.7,148.5,154.8,252.6,,,,,,,,,,,,,,,,,,,,,,,,
2058,INCOMELT215LN,239.2,153.8,140.8,146.4,245.1,,,,,,,,,,,,,,,,,,,,,,,,
2059,INCOMELT215LN,231.2,146.4,133.6,138.6,237.6,,,,,,,,,,,,,,,,,,,,,,,,
2060,INCOMELT215LN,224.1,139.3,126.7,131.4,230.8,,,,,,,,,,,,,,,,,,,,,,,,
2061,INCOMELT215LN,217.2,132.4,120.1,124.5,224.4,,,,,,,,,,,,,,,,,,,,,,,,
2062,INCOMELT215LN,210.4,125.8,113.8,118.1,217.9,,,,,,,,,,,,,,,,,,,,,,,,
2063,INCOMELT215LN,203.5,117.8,107.8,111.3,211.4,,,,,,,,,,,,,,,,,,,,,,,,
2064,INCOMELT215LN,196.8,108.1,102.1,105.4,204.9,,,,,,,,,,,,,,,,,,,,,,,,
2065,INCOMELT215LN,190.2,102.9,92.89,96.07,198.4,,,,,,,,,,,,,,,,,,,,,,,,
2066,INCOMELT215LN,183.7,97.58,88.25,91.27,191.9,,,,,,,,,,,,,,,,,,,,,,,,
2067,INCOMELT215LN,177.3,92.44,83.71,86.81,185.8,,,,,,,,,,,,,,,,,,,,,,,,
2068,INCOMELT215LN,167.7,87.51,79.09,82.33,179.9,,,,,,,,,,,,,,,,,,,,,,,,
2069,INCOMELT215LN,161.9,82.63,74.92,77.69,170.3,,,,,,,,,,,,,,,,,,,,,,,,
2070,INCOMELT215LN,155.7,77.71,70.36,73.42,164.6,,,,,,,,,,,,,,,,,,,,,,,,
2071,INCOMELT215LN,150.6,73.56,66.59,69.41,159.5,,,,,,,,,,,,,,,,,,,,,,,,
2072,INCOMELT215LN,145.7,69.57,62.95,65.51,153.5,,,,,,,,,,,,,,,,,,,,,,,,
2073,INCOMELT215LN,141,65.98,59.51,61.71,148.8,,,,,,,,,,,,,,,,,,,,,,,,
2074,INCOMELT215LN,136.3,61.76,55.87,58.08,144.1,,,,,,,,,,,,,,,,,,,,,,,,
2075,INCOMELT215LN,131.7,57.4,52.09,53.8,139.4,,,,,,,,,,,,,,,,,,,,,,,,
2076,INCOMELT215LN,127,54.13,48.84,49.98,134.7,,,,,,,,,,,,,,,,,,,,,,,,
2077,INCOMELT215LN,122.5,51.13,45.93,47.07,130.1,,,,,,,,,,,,,,,,,,,,,,,,
2078,INCOMELT215LN,117.7,47.82,42.98,44.6,125.4,,,,,,,,,,,,,,,,,,,,,,,,
2079,INCOMELT215LN,113,45.39,40.82,42.24,120.8,,,,,,,,,,,,,,,,,,,,,,,,
2080,INCOMELT215LN,108.1,42.94,38.36,39.76,116.3,,,,,,,,,,,,,,,,,,,,,,,,
2081,INCOMELT215LN,103.1,40.34,32.73,34.04,111.7,,,,,,,,,,,,,,,,,,,,,,,,
2082,INCOMELT215LN,99.11,37.92,30.78,31.91,107.1,,,,,,,,,,,,,,,,,,,,,,,,
2083,INCOMELT215LN,94.53,32.59,28.93,30.09,102.6,,,,,,,,,,,,,,,,,,,,,,,,
2084,INCOMELT215LN,90.26,30.66,27.18,28.34,98.12,,,,,,,,,,,,,,,,,,,,,,,,
2085,INCOMELT215LN,86.1,28.86,25.56,26.67,93.82,,,,,,,,,,,,,,,,,,,,,,,,
2086,INCOMELT215LN,82.32,27.1,23.99,25.02,89.57,,,,,,,,,,,,,,,,,,,,,,,,
2087,INCOMELT215LN,79.16,25.38,22.44,23.45,85.7,,,,,,,,,,,,,,,,,,,,,,,,
2088,INCOMELT215LN,75.91,23.72,20.99,21.98,82.39,,,,,,,,,,,,,,,,,,,,,,,,
2089,INCOMELT215LN,72.55,22.16,19.66,20.6,78.98,,,,,,,,,,,,,,,,,,,,,,,,
2090,INCOMELT215LN,69.32,20.73,18.43,19.3,75.36,,,,,,,,,,,,,,,,,,,,,,,,
2091,INCOMELT215LN,66.24,19.44,17.28,18.1,71.86,,,,,,,,,,,,,,,,,,,,,,,,
2092,INCOMELT215LN,63.36,18.26,16.22,16.99,68.55,,,,,,,,,,,,,,,,,,,,,,,,
2093,INCOMELT215LN,60.66,17.17,15.22,15.91,65.44,,,,,,,,,,,,,,,,,,,,,,,,
2094,INCOMELT215LN,58.15,15.73,14.27,14.9,62.56,,,,,,,,,,,,,,,,,,,,,,,,
2095,INCOMELT215LN,52.75,14.79,13.36,13.97,59.85,,,,,,,,,,,,,,,,,,,,,,,,
2096,INCOMELT215LN,50.63,13.91,12.52,13.11,54.16,,,,,,,,,,,,,,,,,,,,,,,,
2097,INCOMELT215LN,48.46,13.05,11.73,12.33,51.95,,,,,,,,,,,,,,,,,,,,,,,,
2098,INCOMELT215LN,46.45,12.24,10.99,11.58,49.7,,,,,,,,,,,,,,,,,,,,,,,,
2099,INCOMELT215LN,44.56,11.45,10.29,10.9,47.68,,,,,,,,,,,,,,,,,,,,,,,,
2100,INCOMELT215LN,42.75,10.72,9.66,10.28,45.8,,,,,,,,,,,,,,,,,,,,,,,,
2019,HDI,0.584,0.584,0.584,0.584,0.584,,,,,,,,,,,,,,,,,,,,,,,,
2020,HDI,0.587,0.587,0.587,0.587,0.587,,,,,,,,,,,,,,,,,,,,,,,,
2021,HDI,0.59,0.59,0.59,0.59,0.59,,,,,,,,,,,,,,,,,,,,,,,,
2022,HDI,0.596,0.596,0.596,0.596,0.596,,,,,,,,,,,,,,,,,,,,,,,,
2023,HDI,0.6,0.6,0.6,0.6,0.6,,,,,,,,,,,,,,,,,,,,,,,,
2024,HDI,0.605,0.605,0.605,0.605,0.605,,,,,,,,,,,,,,,,,,,,,,,,
2025,HDI,0.611,0.612,0.611,0.611,0.611,,,,,,,,,,,,,,,,,,,,,,,,
2026,HDI,0.618,0.618,0.618,0.618,0.618,,,,,,,,,,,,,,,,,,,,,,,,
2027,HDI,0.624,0.625,0.625,0.625,0.624,,,,,,,,,,,,,,,,,,,,,,,,
2028,HDI,0.631,0.632,0.632,0.632,0.631,,,,,,,,,,,,,,,,,,,,,,,,
2029,HDI,0.638,0.639,0.639,0.639,0.637,,,,,,,,,,,,,,,,,,,,,,,,
2030,HDI,0.645,0.647,0.646,0.646,0.644,,,,,,,,,,,,,,,,,,,,,,,,
2031,HDI,0.652,0.654,0.654,0.653,0.651,,,,,,,,,,,,,,,,,,,,,,,,
2032,HDI,0.659,0.662,0.661,0.661,0.658,,,,,,,,,,,,,,,,,,,,,,,,
2033,HDI,0.666,0.669,0.669,0.668,0.665,,,,,,,,,,,,,,,,,,,,,,,,
2034,HDI,0.673,0.677,0.677,0.676,0.672,,,,,,,,,,,,,,,,,,,,,,,,
2035,HDI,0.68,0.685,0.684,0.684,0.679,,,,,,,,,,,,,,,,,,,,,,,,
2036,HDI,0.687,0.692,0.692,0.691,0.686,,,,,,,,,,,,,,,,,,,,,,,,
2037,HDI,0.694,0.699,0.699,0.698,0.693,,,,,,,,,,,,,,,,,,,,,,,,
2038,HDI,0.7,0.706,0.706,0.705,0.699,,,,,,,,,,,,,,,,,,,,,,,,
2039,HDI,0.706,0.713,0.713,0.712,0.705,,,,,,,,,,,,,,,,,,,,,,,,
2040,HDI,0.713,0.72,0.72,0.719,0.712,,,,,,,,,,,,,,,,,,,,,,,,
2041,HDI,0.719,0.727,0.727,0.726,0.718,,,,,,,,,,,,,,,,,,,,,,,,
2042,HDI,0.725,0.733,0.733,0.732,0.723,,,,,,,,,,,,,,,,,,,,,,,,
2043,HDI,0.731,0.739,0.74,0.738,0.729,,,,,,,,,,,,,,,,,,,,,,,,
2044,HDI,0.736,0.746,0.746,0.745,0.735,,,,,,,,,,,,,,,,,,,,,,,,
2045,HDI,0.742,0.752,0.752,0.751,0.74,,,,,,,,,,,,,,,,,,,,,,,,
2046,HDI,0.747,0.757,0.758,0.757,0.745,,,,,,,,,,,,,,,,,,,,,,,,
2047,HDI,0.752,0.763,0.764,0.762,0.75,,,,,,,,,,,,,,,,,,,,,,,,
2048,HDI,0.757,0.769,0.769,0.768,0.755,,,,,,,,,,,,,,,,,,,,,,,,
2049,HDI,0.762,0.774,0.775,0.774,0.76,,,,,,,,,,,,,,,,,,,,,,,,
2050,HDI,0.767,0.78,0.78,0.779,0.765,,,,,,,,,,,,,,,,,,,,,,,,
2051,HDI,0.772,0.785,0.786,0.785,0.77,,,,,,,,,,,,,,,,,,,,,,,,
2052,HDI,0.777,0.79,0.791,0.79,0.774,,,,,,,,,,,,,,,,,,,,,,,,
2053,HDI,0.781,0.795,0.796,0.795,0.779,,,,,,,,,,,,,,,,,,,,,,,,
2054,HDI,0.786,0.8,0.802,0.801,0.784,,,,,,,,,,,,,,,,,,,,,,,,
2055,HDI,0.79,0.805,0.807,0.806,0.788,,,,,,,,,,,,,,,,,,,,,,,,
2056,HDI,0.795,0.81,0.812,0.811,0.792,,,,,,,,,,,,,,,,,,,,,,,,
2057,HDI,0.799,0.815,0.817,0.816,0.797,,,,,,,,,,,,,,,,,,,,,,,,
2058,HDI,0.804,0.82,0.821,0.821,0.801,,,,,,,,,,,,,,,,,,,,,,,,
2059,HDI,0.808,0.825,0.826,0.826,0.805,,,,,,,,,,,,,,,,,,,,,,,,
2060,HDI,0.812,0.83,0.831,0.831,0.809,,,,,,,,,,,,,,,,,,,,,,,,
2061,HDI,0.816,0.834,0.836,0.836,0.814,,,,,,,,,,,,,,,,,,,,,,,,
2062,HDI,0.82,0.839,0.84,0.84,0.817,,,,,,,,,,,,,,,,,,,,,,,,
2063,HDI,0.824,0.843,0.845,0.845,0.821,,,,,,,,,,,,,,,,,,,,,,,,
2064,HDI,0.828,0.848,0.849,0.849,0.825,,,,,,,,,,,,,,,,,,,,,,,,
2065,HDI,0.832,0.852,0.853,0.854,0.829,,,,,,,,,,,,,,,,,,,,,,,,
2066,HDI,0.836,0.857,0.858,0.858,0.833,,,,,,,,,,,,,,,,,,,,,,,,
2067,HDI,0.84,0.861,0.862,0.863,0.836,,,,,,,,,,,,,,,,,,,,,,,,
2068,HDI,0.843,0.866,0.867,0.867,0.84,,,,,,,,,,,,,,,,,,,,,,,,
2069,HDI,0.847,0.87,0.871,0.872,0.844,,,,,,,,,,,,,,,,,,,,,,,,
2070,HDI,0.851,0.874,0.875,0.876,0.848,,,,,,,,,,,,,,,,,,,,,,,,
2071,HDI,0.854,0.878,0.879,0.88,0.851,,,,,,,,,,,,,,,,,,,,,,,,
2072,HDI,0.858,0.883,0.883,0.884,0.855,,,,,,,,,,,,,,,,,,,,,,,,
2073,HDI,0.862,0.887,0.888,0.889,0.858,,,,,,,,,,,,,,,,,,,,,,,,
2074,HDI,0.865,0.891,0.892,0.893,0.862,,,,,,,,,,,,,,,,,,,,,,,,
2075,HDI,0.869,0.895,0.896,0.897,0.866,,,,,,,,,,,,,,,,,,,,,,,,
2076,HDI,0.872,0.899,0.9,0.901,0.869,,,,,,,,,,,,,,,,,,,,,,,,
2077,HDI,0.876,0.903,0.904,0.905,0.873,,,,,,,,,,,,,,,,,,,,,,,,
2078,HDI,0.879,0.906,0.907,0.909,0.876,,,,,,,,,,,,,,,,,,,,,,,,
2079,HDI,0.883,0.91,0.911,0.913,0.879,,,,,,,,,,,,,,,,,,,,,,,,
2080,HDI,0.886,0.914,0.915,0.916,0.883,,,,,,,,,,,,,,,,,,,,,,,,
2081,HDI,0.889,0.918,0.919,0.92,0.886,,,,,,,,,,,,,,,,,,,,,,,,
2082,HDI,0.893,0.921,0.922,0.924,0.889,,,,,,,,,,,,,,,,,,,,,,,,
2083,HDI,0.896,0.925,0.926,0.928,0.893,,,,,,,,,,,,,,,,,,,,,,,,
2084,HDI,0.899,0.929,0.929,0.931,0.896,,,,,,,,,,,,,,,,,,,,,,,,
2085,HDI,0.902,0.932,0.933,0.935,0.899,,,,,,,,,,,,,,,,,,,,,,,,
2086,HDI,0.905,0.935,0.936,0.938,0.902,,,,,,,,,,,,,,,,,,,,,,,,
2087,HDI,0.908,0.939,0.939,0.941,0.905,,,,,,,,,,,,,,,,,,,,,,,,
2088,HDI,0.911,0.942,0.942,0.945,0.908,,,,,,,,,,,,,,,,,,,,,,,,
2089,HDI,0.914,0.945,0.946,0.948,0.91,,,,,,,,,,,,,,,,,,,,,,,,
2090,HDI,0.917,0.948,0.949,0.951,0.913,,,,,,,,,,,,,,,,,,,,,,,,
2091,HDI,0.919,0.951,0.951,0.954,0.916,,,,,,,,,,,,,,,,,,,,,,,,
2092,HDI,0.922,0.954,0.954,0.957,0.919,,,,,,,,,,,,,,,,,,,,,,,,
2093,HDI,0.925,0.957,0.957,0.959,0.921,,,,,,,,,,,,,,,,,,,,,,,,
2094,HDI,0.927,0.959,0.959,0.962,0.924,,,,,,,,,,,,,,,,,,,,,,,,
2095,HDI,0.93,0.962,0.961,0.964,0.927,,,,,,,,,,,,,,,,,,,,,,,,
2096,HDI,0.932,0.964,0.964,0.967,0.929,,,,,,,,,,,,,,,,,,,,,,,,
2097,HDI,0.935,0.967,0.966,0.969,0.932,,,,,,,,,,,,,,,,,,,,,,,,
2098,HDI,0.937,0.969,0.968,0.971,0.934,,,,,,,,,,,,,,,,,,,,,,,,
2099,HDI,0.94,0.972,0.97,0.973,0.937,,,,,,,,,,,,,,,,,,,,,,,,
2100,HDI,0.942,0.974,0.973,0.975,0.939,,,,,,,,,,,,,,,,,,,,,,,,
2019,ENP_oil,0.275,0.275,0.275,0.275,0.275,,,,,,,,,,,,,,,,,,,,,,,,
2020,ENP_oil,0.28,0.28,0.28,0.28,0.28,,,,,,,,,,,,,,,,,,,,,,,,
2021,ENP_oil,0.315,0.315,0.315,0.315,0.315,,,,,,,,,,,,,,,,,,,,,,,,
2022,ENP_oil,0.36,0.36,0.36,0.36,0.36,,,,,,,,,,,,,,,,,,,,,,,,
2023,ENP_oil,0.383,0.383,0.383,0.383,0.383,,,,,,,,,,,,,,,,,,,,,,,,
2024,ENP_oil,0.386,0.386,0.386,0.387,0.386,,,,,,,,,,,,,,,,,,,,,,,,
2025,ENP_oil,0.377,0.377,0.381,0.386,0.386,,,,,,,,,,,,,,,,,,,,,,,,
2026,ENP_oil,0.37,0.37,0.372,0.387,0.387,,,,,,,,,,,,,,,,,,,,,,,,
2027,ENP_oil,0.366,0.365,0.369,0.394,0.393,,,,,,,,,,,,,,,,,,,,,,,,
2028,ENP_oil,0.364,0.363,0.371,0.405,0.406,,,,,,,,,,,,,,,,,,,,,,,,
2029,ENP_oil,0.361,0.36,0.375,0.418,0.421,,,,,,,,,,,,,,,,,,,,,,,,
2030,ENP_oil,0.356,0.356,0.379,0.427,0.436,,,,,,,,,,,,,,,,,,,,,,,,
2031,ENP_oil,0.349,0.351,0.378,0.432,0.45,,,,,,,,,,,,,,,,,,,,,,,,
2032,ENP_oil,0.343,0.346,0.373,0.43,0.46,,,,,,,,,,,,,,,,,,,,,,,,
2033,ENP_oil,0.336,0.34,0.368,0.425,0.467,,,,,,,,,,,,,,,,,,,,,,,,
2034,ENP_oil,0.329,0.334,0.365,0.423,0.474,,,,,,,,,,,,,,,,,,,,,,,,
2035,ENP_oil,0.323,0.329,0.365,0.426,0.482,,,,,,,,,,,,,,,,,,,,,,,,
2036,ENP_oil,0.318,0.327,0.367,0.432,0.491,,,,,,,,,,,,,,,,,,,,,,,,
2037,ENP_oil,0.315,0.326,0.369,0.44,0.499,,,,,,,,,,,,,,,,,,,,,,,,
2038,ENP_oil,0.313,0.325,0.371,0.448,0.511,,,,,,,,,,,,,,,,,,,,,,,,
2039,ENP_oil,0.308,0.322,0.372,0.455,0.521,,,,,,,,,,,,,,,,,,,,,,,,
2040,ENP_oil,0.302,0.317,0.373,0.463,0.534,,,,,,,,,,,,,,,,,,,,,,,,
2041,ENP_oil,0.294,0.309,0.372,0.47,0.545,,,,,,,,,,,,,,,,,,,,,,,,
2042,ENP_oil,0.286,0.301,0.369,0.477,0.562,,,,,,,,,,,,,,,,,,,,,,,,
2043,ENP_oil,0.277,0.293,0.366,0.483,0.578,,,,,,,,,,,,,,,,,,,,,,,,
2044,ENP_oil,0.268,0.285,0.363,0.49,0.595,,,,,,,,,,,,,,,,,,,,,,,,
2045,ENP_oil,0.26,0.277,0.36,0.498,0.612,,,,,,,,,,,,,,,,,,,,,,,,
2046,ENP_oil,0.253,0.271,0.36,0.505,0.634,,,,,,,,,,,,,,,,,,,,,,,,
2047,ENP_oil,0.246,0.264,0.361,0.512,0.658,,,,,,,,,,,,,,,,,,,,,,,,
2048,ENP_oil,0.241,0.26,0.366,0.521,0.682,,,,,,,,,,,,,,,,,,,,,,,,
2049,ENP_oil,0.238,0.259,0.372,0.531,0.705,,,,,,,,,,,,,,,,,,,,,,,,
2050,ENP_oil,0.238,0.26,0.382,0.545,0.726,,,,,,,,,,,,,,,,,,,,,,,,
2051,ENP_oil,0.24,0.265,0.396,0.561,0.742,,,,,,,,,,,,,,,,,,,,,,,,
2052,ENP_oil,0.245,0.272,0.415,0.582,0.761,,,,,,,,,,,,,,,,,,,,,,,,
2053,ENP_oil,0.253,0.282,0.438,0.603,0.775,,,,,,,,,,,,,,,,,,,,,,,,
2054,ENP_oil,0.263,0.295,0.465,0.629,0.79,,,,,,,,,,,,,,,,,,,,,,,,
2055,ENP_oil,0.274,0.31,0.497,0.658,0.803,,,,,,,,,,,,,,,,,,,,,,,,
2056,ENP_oil,0.286,0.324,0.523,0.691,0.823,,,,,,,,,,,,,,,,,,,,,,,,
2057,ENP_oil,0.297,0.336,0.55,0.725,0.843,,,,,,,,,,,,,,,,,,,,,,,,
2058,ENP_oil,0.306,0.344,0.577,0.758,0.865,,,,,,,,,,,,,,,,,,,,,,,,
2059,ENP_oil,0.313,0.351,0.608,0.79,0.88,,,,,,,,,,,,,,,,,,,,,,,,
2060,ENP_oil,0.317,0.357,0.638,0.823,0.89,,,,,,,,,,,,,,,,,,,,,,,,
2061,ENP_oil,0.321,0.36,0.666,0.855,0.892,,,,,,,,,,,,,,,,,,,,,,,,
2062,ENP_oil,0.322,0.363,0.693,0.889,0.892,,,,,,,,,,,,,,,,,,,,,,,,
2063,ENP_oil,0.323,0.366,0.72,0.925,0.892,,,,,,,,,,,,,,,,,,,,,,,,
2064,ENP_oil,0.323,0.368,0.748,0.961,0.89,,,,,,,,,,,,,,,,,,,,,,,,
2065,ENP_oil,0.323,0.37,0.776,0.999,0.888,,,,,,,,,,,,,,,,,,,,,,,,
2066,ENP_oil,0.323,0.373,0.804,1.034,0.884,,,,,,,,,,,,,,,,,,,,,,,,
2067,ENP_oil,0.325,0.378,0.83,1.06,0.88,,,,,,,,,,,,,,,,,,,,,,,,
2068,ENP_oil,0.328,0.384,0.857,1.085,0.875,,,,,,,,,,,,,,,,,,,,,,,,
2069,ENP_oil,0.333,0.393,0.885,1.112,0.869,,,,,,,,,,,,,,,,,,,,,,,,
2070,ENP_oil,0.339,0.404,0.911,1.136,0.864,,,,,,,,,,,,,,,,,,,,,,,,
2071,ENP_oil,0.346,0.416,0.941,1.158,0.857,,,,,,,,,,,,,,,,,,,,,,,,
2072,ENP_oil,0.356,0.43,0.972,1.18,0.85,,,,,,,,,,,,,,,,,,,,,,,,
2073,ENP_oil,0.367,0.446,1.003,1.205,0.847,,,,,,,,,,,,,,,,,,,,,,,,
2074,ENP_oil,0.379,0.462,1.053,1.212,0.842,,,,,,,,,,,,,,,,,,,,,,,,
2075,ENP_oil,0.393,0.481,1.108,1.208,0.842,,,,,,,,,,,,,,,,,,,,,,,,
2076,ENP_oil,0.408,0.499,1.139,1.2,0.841,,,,,,,,,,,,,,,,,,,,,,,,
2077,ENP_oil,0.423,0.517,1.156,1.191,0.841,,,,,,,,,,,,,,,,,,,,,,,,
2078,ENP_oil,0.439,0.534,1.168,1.181,0.841,,,,,,,,,,,,,,,,,,,,,,,,
2079,ENP_oil,0.454,0.55,1.172,1.167,0.841,,,,,,,,,,,,,,,,,,,,,,,,
2080,ENP_oil,0.467,0.565,1.171,1.148,0.844,,,,,,,,,,,,,,,,,,,,,,,,
2081,ENP_oil,0.48,0.579,1.16,1.123,0.845,,,,,,,,,,,,,,,,,,,,,,,,
2082,ENP_oil,0.49,0.592,1.143,1.103,0.847,,,,,,,,,,,,,,,,,,,,,,,,
2083,ENP_oil,0.5,0.604,1.119,1.081,0.849,,,,,,,,,,,,,,,,,,,,,,,,
2084,ENP_oil,0.508,0.614,1.09,1.058,0.851,,,,,,,,,,,,,,,,,,,,,,,,
2085,ENP_oil,0.515,0.624,1.056,1.029,0.854,,,,,,,,,,,,,,,,,,,,,,,,
2086,ENP_oil,0.522,0.633,1.017,0.996,0.856,,,,,,,,,,,,,,,,,,,,,,,,
2087,ENP_oil,0.527,0.641,0.974,0.96,0.859,,,,,,,,,,,,,,,,,,,,,,,,
2088,ENP_oil,0.533,0.648,0.928,0.923,0.861,,,,,,,,,,,,,,,,,,,,,,,,
2089,ENP_oil,0.538,0.65,0.882,0.885,0.862,,,,,,,,,,,,,,,,,,,,,,,,
2090,ENP_oil,0.543,0.644,0.835,0.847,0.863,,,,,,,,,,,,,,,,,,,,,,,,
2091,ENP_oil,0.548,0.635,0.788,0.809,0.864,,,,,,,,,,,,,,,,,,,,,,,,
2092,ENP_oil,0.553,0.622,0.743,0.772,0.864,,,,,,,,,,,,,,,,,,,,,,,,
2093,ENP_oil,0.559,0.608,0.699,0.735,0.856,,,,,,,,,,,,,,,,,,,,,,,,
2094,ENP_oil,0.567,0.592,0.657,0.699,0.844,,,,,,,,,,,,,,,,,,,,,,,,
2095,ENP_oil,0.575,0.577,0.617,0.663,0.826,,,,,,,,,,,,,,,,,,,,,,,,
2096,ENP_oil,0.578,0.561,0.578,0.628,0.806,,,,,,,,,,,,,,,,,,,,,,,,
2097,ENP_oil,0.574,0.546,0.54,0.593,0.785,,,,,,,,,,,,,,,,,,,,,,,,
2098,ENP_oil,0.568,0.532,0.503,0.558,0.763,,,,,,,,,,,,,,,,,,,,,,,,
2099,ENP_oil,0.558,0.518,0.455,0.523,0.741,,,,,,,,,,,,,,,,,,,,,,,,
2100,ENP_oil,0.545,0.501,0.415,0.491,0.721,,,,,,,,,,,,,,,,,,,,,,,,
2019,ENP_gas,0.177,0.177,0.177,0.177,0.177,,,,,,,,,,,,,,,,,,,,,,,,
2020,ENP_gas,0.176,0.176,0.176,0.176,0.176,,,,,,,,,,,,,,,,,,,,,,,,
2021,ENP_gas,0.194,0.194,0.194,0.194,0.194,,,,,,,,,,,,,,,,,,,,,,,,
2022,ENP_gas,0.222,0.222,0.222,0.222,0.222,,,,,,,,,,,,,,,,,,,,,,,,
2023,ENP_gas,0.237,0.237,0.237,0.237,0.237,,,,,,,,,,,,,,,,,,,,,,,,
2024,ENP_gas,0.236,0.236,0.236,0.236,0.236,,,,,,,,,,,,,,,,,,,,,,,,
2025,ENP_gas,0.228,0.228,0.231,0.233,0.233,,,,,,,,,,,,,,,,,,,,,,,,
2026,ENP_gas,0.222,0.222,0.22,0.231,0.231,,,,,,,,,,,,,,,,,,,,,,,,
2027,ENP_gas,0.218,0.218,0.213,0.232,0.232,,,,,,,,,,,,,,,,,,,,,,,,
2028,ENP_gas,0.216,0.215,0.211,0.236,0.238,,,,,,,,,,,,,,,,,,,,,,,,
2029,ENP_gas,0.214,0.213,0.211,0.241,0.245,,,,,,,,,,,,,,,,,,,,,,,,
2030,ENP_gas,0.211,0.212,0.211,0.245,0.252,,,,,,,,,,,,,,,,,,,,,,,,
2031,ENP_gas,0.208,0.209,0.211,0.247,0.259,,,,,,,,,,,,,,,,,,,,,,,,
2032,ENP_gas,0.205,0.208,0.208,0.246,0.264,,,,,,,,,,,,,,,,,,,,,,,,
2033,ENP_gas,0.201,0.204,0.205,0.243,0.267,,,,,,,,,,,,,,,,,,,,,,,,
2034,ENP_gas,0.197,0.201,0.204,0.241,0.269,,,,,,,,,,,,,,,,,,,,,,,,
2035,ENP_gas,0.193,0.198,0.204,0.242,0.272,,,,,,,,,,,,,,,,,,,,,,,,
2036,ENP_gas,0.191,0.198,0.206,0.245,0.275,,,,,,,,,,,,,,,,,,,,,,,,
2037,ENP_gas,0.191,0.198,0.207,0.249,0.28,,,,,,,,,,,,,,,,,,,,,,,,
2038,ENP_gas,0.19,0.199,0.207,0.252,0.284,,,,,,,,,,,,,,,,,,,,,,,,
2039,ENP_gas,0.188,0.198,0.208,0.255,0.288,,,,,,,,,,,,,,,,,,,,,,,,
2040,ENP_gas,0.185,0.196,0.208,0.259,0.292,,,,,,,,,,,,,,,,,,,,,,,,
2041,ENP_gas,0.182,0.193,0.208,0.262,0.297,,,,,,,,,,,,,,,,,,,,,,,,
2042,ENP_gas,0.178,0.19,0.207,0.265,0.303,,,,,,,,,,,,,,,,,,,,,,,,
2043,ENP_gas,0.175,0.187,0.205,0.268,0.309,,,,,,,,,,,,,,,,,,,,,,,,
2044,ENP_gas,0.172,0.185,0.204,0.27,0.314,,,,,,,,,,,,,,,,,,,,,,,,
2045,ENP_gas,0.169,0.183,0.203,0.273,0.319,,,,,,,,,,,,,,,,,,,,,,,,
2046,ENP_gas,0.167,0.181,0.204,0.276,0.324,,,,,,,,,,,,,,,,,,,,,,,,
2047,ENP_gas,0.165,0.18,0.205,0.279,0.333,,,,,,,,,,,,,,,,,,,,,,,,
2048,ENP_gas,0.163,0.179,0.208,0.283,0.343,,,,,,,,,,,,,,,,,,,,,,,,
2049,ENP_gas,0.163,0.18,0.212,0.287,0.353,,,,,,,,,,,,,,,,,,,,,,,,
2050,ENP_gas,0.164,0.183,0.217,0.291,0.366,,,,,,,,,,,,,,,,,,,,,,,,
2051,ENP_gas,0.166,0.187,0.223,0.296,0.38,,,,,,,,,,,,,,,,,,,,,,,,
2052,ENP_gas,0.17,0.193,0.231,0.302,0.395,,,,,,,,,,,,,,,,,,,,,,,,
2053,ENP_gas,0.174,0.2,0.239,0.31,0.411,,,,,,,,,,,,,,,,,,,,,,,,
2054,ENP_gas,0.18,0.208,0.248,0.32,0.428,,,,,,,,,,,,,,,,,,,,,,,,
2055,ENP_gas,0.187,0.217,0.258,0.332,0.447,,,,,,,,,,,,,,,,,,,,,,,,
2056,ENP_gas,0.194,0.224,0.268,0.345,0.468,,,,,,,,,,,,,,,,,,,,,,,,
2057,ENP_gas,0.201,0.23,0.279,0.361,0.491,,,,,,,,,,,,,,,,,,,,,,,,
2058,ENP_gas,0.205,0.234,0.291,0.379,0.518,,,,,,,,,,,,,,,,,,,,,,,,
2059,ENP_gas,0.208,0.236,0.304,0.397,0.548,,,,,,,,,,,,,,,,,,,,,,,,
2060,ENP_gas,0.209,0.238,0.317,0.415,0.579,,,,,,,,,,,,,,,,,,,,,,,,
2061,ENP_gas,0.21,0.239,0.332,0.435,0.612,,,,,,,,,,,,,,,,,,,,,,,,
2062,ENP_gas,0.21,0.238,0.346,0.455,0.647,,,,,,,,,,,,,,,,,,,,,,,,
2063,ENP_gas,0.209,0.238,0.362,0.476,0.686,,,,,,,,,,,,,,,,,,,,,,,,
2064,ENP_gas,0.208,0.237,0.378,0.498,0.726,,,,,,,,,,,,,,,,,,,,,,,,
2065,ENP_gas,0.207,0.236,0.397,0.52,0.77,,,,,,,,,,,,,,,,,,,,,,,,
2066,ENP_gas,0.206,0.236,0.416,0.544,0.817,,,,,,,,,,,,,,,,,,,,,,,,
2067,ENP_gas,0.206,0.237,0.437,0.568,0.866,,,,,,,,,,,,,,,,,,,,,,,,
2068,ENP_gas,0.206,0.24,0.459,0.593,0.917,,,,,,,,,,,,,,,,,,,,,,,,
2069,ENP_gas,0.208,0.243,0.482,0.622,0.97,,,,,,,,,,,,,,,,,,,,,,,,
2070,ENP_gas,0.209,0.246,0.505,0.657,1.026,,,,,,,,,,,,,,,,,,,,,,,,
2071,ENP_gas,0.212,0.251,0.53,0.697,1.084,,,,,,,,,,,,,,,,,,,,,,,,
2072,ENP_gas,0.216,0.257,0.557,0.745,1.146,,,,,,,,,,,,,,,,,,,,,,,,
2073,ENP_gas,0.22,0.264,0.585,0.798,1.216,,,,,,,,,,,,,,,,,,,,,,,,
2074,ENP_gas,0.225,0.27,0.615,0.859,1.277,,,,,,,,,,,,,,,,,,,,,,,,
2075,ENP_gas,0.231,0.278,0.647,0.925,1.336,,,,,,,,,,,,,,,,,,,,,,,,
2076,ENP_gas,0.237,0.286,0.681,0.985,1.373,,,,,,,,,,,,,,,,,,,,,,,,
2077,ENP_gas,0.244,0.293,0.716,1.045,1.413,,,,,,,,,,,,,,,,,,,,,,,,
2078,ENP_gas,0.25,0.3,0.751,1.106,1.436,,,,,,,,,,,,,,,,,,,,,,,,
2079,ENP_gas,0.255,0.306,0.786,1.168,1.445,,,,,,,,,,,,,,,,,,,,,,,,
2080,ENP_gas,0.259,0.31,0.823,1.238,1.445,,,,,,,,,,,,,,,,,,,,,,,,
2081,ENP_gas,0.262,0.314,0.861,1.297,1.436,,,,,,,,,,,,,,,,,,,,,,,,
2082,ENP_gas,0.264,0.318,0.9,1.349,1.424,,,,,,,,,,,,,,,,,,,,,,,,
2083,ENP_gas,0.265,0.32,0.939,1.396,1.408,,,,,,,,,,,,,,,,,,,,,,,,
2084,ENP_gas,0.266,0.32,0.979,1.447,1.391,,,,,,,,,,,,,,,,,,,,,,,,
2085,ENP_gas,0.265,0.319,1.017,1.503,1.373,,,,,,,,,,,,,,,,,,,,,,,,
2086,ENP_gas,0.263,0.318,1.056,1.549,1.356,,,,,,,,,,,,,,,,,,,,,,,,
2087,ENP_gas,0.261,0.316,1.099,1.562,1.339,,,,,,,,,,,,,,,,,,,,,,,,
2088,ENP_gas,0.258,0.314,1.148,1.559,1.323,,,,,,,,,,,,,,,,,,,,,,,,
2089,ENP_gas,0.255,0.312,1.202,1.544,1.308,,,,,,,,,,,,,,,,,,,,,,,,
2090,ENP_gas,0.252,0.311,1.229,1.516,1.295,,,,,,,,,,,,,,,,,,,,,,,,
2091,ENP_gas,0.249,0.309,1.238,1.481,1.285,,,,,,,,,,,,,,,,,,,,,,,,
2092,ENP_gas,0.246,0.309,1.235,1.438,1.278,,,,,,,,,,,,,,,,,,,,,,,,
2093,ENP_gas,0.243,0.309,1.221,1.393,1.273,,,,,,,,,,,,,,,,,,,,,,,,
2094,ENP_gas,0.241,0.31,1.2,1.345,1.268,,,,,,,,,,,,,,,,,,,,,,,,
2095,ENP_gas,0.24,0.313,1.172,1.297,1.262,,,,,,,,,,,,,,,,,,,,,,,,
2096,ENP_gas,0.241,0.317,1.14,1.248,1.256,,,,,,,,,,,,,,,,,,,,,,,,
2097,ENP_gas,0.243,0.321,1.106,1.202,1.251,,,,,,,,,,,,,,,,,,,,,,,,
2098,ENP_gas,0.245,0.326,1.072,1.157,1.247,,,,,,,,,,,,,,,,,,,,,,,,
2099,ENP_gas,0.249,0.33,1.037,1.115,1.243,,,,,,,,,,,,,,,,,,,,,,,,
2100,ENP_gas,0.252,0.332,1.003,1.079,1.242,,,,,,,,,,,,,,,,,,,,,,,,
2019,ENP_coal,0.151,0.151,0.151,0.151,0.151,,,,,,,,,,,,,,,,,,,,,,,,
2020,ENP_coal,0.15,0.15,0.15,0.15,0.15,,,,,,,,,,,,,,,,,,,,,,,,
2021,ENP_coal,0.15,0.15,0.15,0.15,0.15,,,,,,,,,,,,,,,,,,,,,,,,
2022,ENP_coal,0.152,0.152,0.152,0.152,0.152,,,,,,,,,,,,,,,,,,,,,,,,
2023,ENP_coal,0.152,0.152,0.152,0.152,0.152,,,,,,,,,,,,,,,,,,,,,,,,
2024,ENP_coal,0.152,0.152,0.152,0.152,0.152,,,,,,,,,,,,,,,,,,,,,,,,
2025,ENP_coal,0.15,0.15,0.15,0.151,0.151,,,,,,,,,,,,,,,,,,,,,,,,
2026,ENP_coal,0.149,0.149,0.147,0.149,0.15,,,,,,,,,,,,,,,,,,,,,,,,
2027,ENP_coal,0.147,0.147,0.144,0.147,0.15,,,,,,,,,,,,,,,,,,,,,,,,
2028,ENP_coal,0.145,0.145,0.14,0.145,0.15,,,,,,,,,,,,,,,,,,,,,,,,
2029,ENP_coal,0.142,0.142,0.137,0.142,0.15,,,,,,,,,,,,,,,,,,,,,,,,
2030,ENP_coal,0.138,0.139,0.132,0.139,0.151,,,,,,,,,,,,,,,,,,,,,,,,
2031,ENP_coal,0.135,0.135,0.126,0.135,0.151,,,,,,,,,,,,,,,,,,,,,,,,
2032,ENP_coal,0.131,0.132,0.121,0.131,0.151,,,,,,,,,,,,,,,,,,,,,,,,
2033,ENP_coal,0.127,0.129,0.117,0.128,0.151,,,,,,,,,,,,,,,,,,,,,,,,
2034,ENP_coal,0.124,0.126,0.115,0.126,0.15,,,,,,,,,,,,,,,,,,,,,,,,
2035,ENP_coal,0.122,0.124,0.113,0.125,0.149,,,,,,,,,,,,,,,,,,,,,,,,
2036,ENP_coal,0.12,0.123,0.112,0.123,0.147,,,,,,,,,,,,,,,,,,,,,,,,
2037,ENP_coal,0.119,0.122,0.111,0.123,0.146,,,,,,,,,,,,,,,,,,,,,,,,
2038,ENP_coal,0.118,0.122,0.11,0.122,0.144,,,,,,,,,,,,,,,,,,,,,,,,
2039,ENP_coal,0.117,0.121,0.109,0.12,0.143,,,,,,,,,,,,,,,,,,,,,,,,
2040,ENP_coal,0.115,0.119,0.108,0.119,0.141,,,,,,,,,,,,,,,,,,,,,,,,
2041,ENP_coal,0.113,0.118,0.106,0.117,0.14,,,,,,,,,,,,,,,,,,,,,,,,
2042,ENP_coal,0.111,0.115,0.108,0.116,0.138,,,,,,,,,,,,,,,,,,,,,,,,
2043,ENP_coal,0.109,0.112,0.11,0.114,0.136,,,,,,,,,,,,,,,,,,,,,,,,
2044,ENP_coal,0.107,0.111,0.112,0.115,0.134,,,,,,,,,,,,,,,,,,,,,,,,
2045,ENP_coal,0.105,0.11,0.114,0.118,0.132,,,,,,,,,,,,,,,,,,,,,,,,
2046,ENP_coal,0.104,0.109,0.116,0.121,0.13,,,,,,,,,,,,,,,,,,,,,,,,
2047,ENP_coal,0.103,0.108,0.119,0.125,0.129,,,,,,,,,,,,,,,,,,,,,,,,
2048,ENP_coal,0.102,0.107,0.123,0.131,0.127,,,,,,,,,,,,,,,,,,,,,,,,
2049,ENP_coal,0.103,0.108,0.128,0.137,0.125,,,,,,,,,,,,,,,,,,,,,,,,
2050,ENP_coal,0.104,0.11,0.135,0.143,0.124,,,,,,,,,,,,,,,,,,,,,,,,
2051,ENP_coal,0.106,0.113,0.142,0.149,0.124,,,,,,,,,,,,,,,,,,,,,,,,
2052,ENP_coal,0.109,0.117,0.151,0.157,0.127,,,,,,,,,,,,,,,,,,,,,,,,
2053,ENP_coal,0.113,0.121,0.161,0.165,0.129,,,,,,,,,,,,,,,,,,,,,,,,
2054,ENP_coal,0.118,0.127,0.171,0.175,0.133,,,,,,,,,,,,,,,,,,,,,,,,
2055,ENP_coal,0.123,0.133,0.183,0.186,0.134,,,,,,,,,,,,,,,,,,,,,,,,
2056,ENP_coal,0.129,0.14,0.194,0.199,0.136,,,,,,,,,,,,,,,,,,,,,,,,
2057,ENP_coal,0.135,0.147,0.206,0.214,0.136,,,,,,,,,,,,,,,,,,,,,,,,
2058,ENP_coal,0.141,0.153,0.219,0.23,0.137,,,,,,,,,,,,,,,,,,,,,,,,
2059,ENP_coal,0.147,0.16,0.232,0.247,0.14,,,,,,,,,,,,,,,,,,,,,,,,
2060,ENP_coal,0.152,0.167,0.246,0.265,0.145,,,,,,,,,,,,,,,,,,,,,,,,
2061,ENP_coal,0.158,0.174,0.262,0.285,0.15,,,,,,,,,,,,,,,,,,,,,,,,
2062,ENP_coal,0.164,0.181,0.278,0.306,0.157,,,,,,,,,,,,,,,,,,,,,,,,
2063,ENP_coal,0.169,0.188,0.295,0.328,0.161,,,,,,,,,,,,,,,,,,,,,,,,
2064,ENP_coal,0.175,0.195,0.313,0.351,0.165,,,,,,,,,,,,,,,,,,,,,,,,
2065,ENP_coal,0.181,0.202,0.333,0.374,0.169,,,,,,,,,,,,,,,,,,,,,,,,
2066,ENP_coal,0.187,0.21,0.353,0.399,0.172,,,,,,,,,,,,,,,,,,,,,,,,
2067,ENP_coal,0.195,0.219,0.375,0.426,0.18,,,,,,,,,,,,,,,,,,,,,,,,
2068,ENP_coal,0.202,0.227,0.398,0.453,0.19,,,,,,,,,,,,,,,,,,,,,,,,
2069,ENP_coal,0.209,0.237,0.423,0.482,0.201,,,,,,,,,,,,,,,,,,,,,,,,
2070,ENP_coal,0.217,0.246,0.449,0.513,0.213,,,,,,,,,,,,,,,,,,,,,,,,
2071,ENP_coal,0.225,0.257,0.477,0.545,0.225,,,,,,,,,,,,,,,,,,,,,,,,
2072,ENP_coal,0.234,0.269,0.505,0.58,0.239,,,,,,,,,,,,,,,,,,,,,,,,
2073,ENP_coal,0.243,0.282,0.536,0.618,0.249,,,,,,,,,,,,,,,,,,,,,,,,
2074,ENP_coal,0.253,0.295,0.568,0.659,0.256,,,,,,,,,,,,,,,,,,,,,,,,
2075,ENP_coal,0.265,0.309,0.603,0.706,0.272,,,,,,,,,,,,,,,,,,,,,,,,
2076,ENP_coal,0.277,0.323,0.639,0.752,0.29,,,,,,,,,,,,,,,,,,,,,,,,
2077,ENP_coal,0.289,0.337,0.677,0.798,0.311,,,,,,,,,,,,,,,,,,,,,,,,
2078,ENP_coal,0.301,0.351,0.719,0.846,0.335,,,,,,,,,,,,,,,,,,,,,,,,
2079,ENP_coal,0.312,0.363,0.76,0.895,0.361,,,,,,,,,,,,,,,,,,,,,,,,
2080,ENP_coal,0.323,0.375,0.804,0.948,0.389,,,,,,,,,,,,,,,,,,,,,,,,
2081,ENP_coal,0.332,0.386,0.849,1,0.42,,,,,,,,,,,,,,,,,,,,,,,,
2082,ENP_coal,0.341,0.396,0.899,1.057,0.453,,,,,,,,,,,,,,,,,,,,,,,,
2083,ENP_coal,0.349,0.404,0.948,1.116,0.488,,,,,,,,,,,,,,,,,,,,,,,,
2084,ENP_coal,0.355,0.41,1.002,1.177,0.528,,,,,,,,,,,,,,,,,,,,,,,,
2085,ENP_coal,0.361,0.416,1.057,1.241,0.571,,,,,,,,,,,,,,,,,,,,,,,,
2086,ENP_coal,0.365,0.421,1.113,1.313,0.618,,,,,,,,,,,,,,,,,,,,,,,,
2087,ENP_coal,0.368,0.425,1.17,1.4,0.671,,,,,,,,,,,,,,,,,,,,,,,,
2088,ENP_coal,0.37,0.429,1.23,1.489,0.729,,,,,,,,,,,,,,,,,,,,,,,,
2089,ENP_coal,0.373,0.433,1.291,1.586,0.794,,,,,,,,,,,,,,,,,,,,,,,,
2090,ENP_coal,0.374,0.437,1.372,1.684,0.866,,,,,,,,,,,,,,,,,,,,,,,,
2091,ENP_coal,0.376,0.441,1.451,1.78,0.946,,,,,,,,,,,,,,,,,,,,,,,,
2092,ENP_coal,0.377,0.445,1.539,1.874,1.031,,,,,,,,,,,,,,,,,,,,,,,,
2093,ENP_coal,0.38,0.45,1.628,1.971,1.123,,,,,,,,,,,,,,,,,,,,,,,,
2094,ENP_coal,0.384,0.457,1.718,2.078,1.214,,,,,,,,,,,,,,,,,,,,,,,,
2095,ENP_coal,0.389,0.466,1.804,2.191,1.306,,,,,,,,,,,,,,,,,,,,,,,,
2096,ENP_coal,0.396,0.476,1.888,2.311,1.396,,,,,,,,,,,,,,,,,,,,,,,,
2097,ENP_coal,0.405,0.487,1.97,2.436,1.459,,,,,,,,,,,,,,,,,,,,,,,,
2098,ENP_coal,0.414,0.5,2.059,2.558,1.502,,,,,,,,,,,,,,,,,,,,,,,,
2099,ENP_coal,0.425,0.513,2.153,2.634,1.527,,,,,,,,,,,,,,,,,,,,,,,,
2100,ENP_coal,0.434,0.524,2.252,2.684,1.552,,,,,,,,,,,,,,,,,,,,,,,,
2019,ENP_hydro,0.074,0.074,0.074,0.074,0.074,,,,,,,,,,,,,,,,,,,,,,,,
2020,ENP_hydro,0.076,0.076,0.076,0.076,0.076,,,,,,,,,,,,,,,,,,,,,,,,
2021,ENP_hydro,0.085,0.085,0.085,0.085,0.085,,,,,,,,,,,,,,,,,,,,,,,,
2022,ENP_hydro,0.101,0.101,0.101,0.101,0.101,,,,,,,,,,,,,,,,,,,,,,,,
2023,ENP_hydro,0.115,0.115,0.115,0.115,0.115,,,,,,,,,,,,,,,,,,,,,,,,
2024,ENP_hydro,0.123,0.123,0.124,0.124,0.123,,,,,,,,,,,,,,,,,,,,,,,,
2025,ENP_hydro,0.13,0.13,0.134,0.132,0.131,,,,,,,,,,,,,,,,,,,,,,,,
2026,ENP_hydro,0.137,0.137,0.143,0.142,0.138,,,,,,,,,,,,,,,,,,,,,,,,
2027,ENP_hydro,0.145,0.145,0.153,0.153,0.148,,,,,,,,,,,,,,,,,,,,,,,,
2028,ENP_hydro,0.154,0.154,0.169,0.166,0.159,,,,,,,,,,,,,,,,,,,,,,,,
2029,ENP_hydro,0.164,0.164,0.188,0.181,0.172,,,,,,,,,,,,,,,,,,,,,,,,
2030,ENP_hydro,0.173,0.173,0.209,0.195,0.187,,,,,,,,,,,,,,,,,,,,,,,,
2031,ENP_hydro,0.181,0.182,0.224,0.206,0.201,,,,,,,,,,,,,,,,,,,,,,,,
2032,ENP_hydro,0.188,0.19,0.234,0.214,0.214,,,,,,,,,,,,,,,,,,,,,,,,
2033,ENP_hydro,0.194,0.198,0.24,0.22,0.225,,,,,,,,,,,,,,,,,,,,,,,,
2034,ENP_hydro,0.2,0.204,0.245,0.226,0.236,,,,,,,,,,,,,,,,,,,,,,,,
2035,ENP_hydro,0.206,0.212,0.251,0.233,0.246,,,,,,,,,,,,,,,,,,,,,,,,
2036,ENP_hydro,0.212,0.22,0.258,0.241,0.255,,,,,,,,,,,,,,,,,,,,,,,,
2037,ENP_hydro,0.22,0.229,0.264,0.251,0.264,,,,,,,,,,,,,,,,,,,,,,,,
2038,ENP_hydro,0.227,0.238,0.27,0.26,0.272,,,,,,,,,,,,,,,,,,,,,,,,
2039,ENP_hydro,0.234,0.247,0.275,0.269,0.281,,,,,,,,,,,,,,,,,,,,,,,,
2040,ENP_hydro,0.24,0.253,0.279,0.277,0.288,,,,,,,,,,,,,,,,,,,,,,,,
2041,ENP_hydro,0.243,0.257,0.282,0.283,0.295,,,,,,,,,,,,,,,,,,,,,,,,
2042,ENP_hydro,0.244,0.259,0.285,0.288,0.302,,,,,,,,,,,,,,,,,,,,,,,,
2043,ENP_hydro,0.244,0.26,0.286,0.292,0.308,,,,,,,,,,,,,,,,,,,,,,,,
2044,ENP_hydro,0.244,0.26,0.288,0.295,0.314,,,,,,,,,,,,,,,,,,,,,,,,
2045,ENP_hydro,0.244,0.26,0.29,0.297,0.32,,,,,,,,,,,,,,,,,,,,,,,,
2046,ENP_hydro,0.245,0.261,0.294,0.3,0.326,,,,,,,,,,,,,,,,,,,,,,,,
2047,ENP_hydro,0.246,0.263,0.299,0.304,0.332,,,,,,,,,,,,,,,,,,,,,,,,
2048,ENP_hydro,0.249,0.266,0.305,0.307,0.339,,,,,,,,,,,,,,,,,,,,,,,,
2049,ENP_hydro,0.255,0.271,0.313,0.311,0.347,,,,,,,,,,,,,,,,,,,,,,,,
2050,ENP_hydro,0.262,0.279,0.323,0.316,0.356,,,,,,,,,,,,,,,,,,,,,,,,
2051,ENP_hydro,0.272,0.29,0.333,0.322,0.367,,,,,,,,,,,,,,,,,,,,,,,,
2052,ENP_hydro,0.283,0.3,0.345,0.329,0.376,,,,,,,,,,,,,,,,,,,,,,,,
2053,ENP_hydro,0.292,0.309,0.357,0.337,0.383,,,,,,,,,,,,,,,,,,,,,,,,
2054,ENP_hydro,0.301,0.318,0.369,0.346,0.389,,,,,,,,,,,,,,,,,,,,,,,,
2055,ENP_hydro,0.309,0.326,0.377,0.354,0.394,,,,,,,,,,,,,,,,,,,,,,,,
2056,ENP_hydro,0.315,0.331,0.382,0.362,0.4,,,,,,,,,,,,,,,,,,,,,,,,
2057,ENP_hydro,0.319,0.334,0.386,0.37,0.404,,,,,,,,,,,,,,,,,,,,,,,,
2058,ENP_hydro,0.321,0.334,0.389,0.378,0.409,,,,,,,,,,,,,,,,,,,,,,,,
2059,ENP_hydro,0.321,0.334,0.392,0.385,0.412,,,,,,,,,,,,,,,,,,,,,,,,
2060,ENP_hydro,0.32,0.333,0.394,0.392,0.415,,,,,,,,,,,,,,,,,,,,,,,,
2061,ENP_hydro,0.319,0.333,0.396,0.398,0.418,,,,,,,,,,,,,,,,,,,,,,,,
2062,ENP_hydro,0.318,0.332,0.398,0.404,0.422,,,,,,,,,,,,,,,,,,,,,,,,
2063,ENP_hydro,0.318,0.333,0.4,0.409,0.426,,,,,,,,,,,,,,,,,,,,,,,,
2064,ENP_hydro,0.319,0.334,0.403,0.414,0.429,,,,,,,,,,,,,,,,,,,,,,,,
2065,ENP_hydro,0.321,0.337,0.406,0.419,0.433,,,,,,,,,,,,,,,,,,,,,,,,
2066,ENP_hydro,0.324,0.341,0.409,0.424,0.436,,,,,,,,,,,,,,,,,,,,,,,,
2067,ENP_hydro,0.329,0.347,0.411,0.428,0.439,,,,,,,,,,,,,,,,,,,,,,,,
2068,ENP_hydro,0.334,0.353,0.414,0.433,0.442,,,,,,,,,,,,,,,,,,,,,,,,
2069,ENP_hydro,0.341,0.36,0.417,0.438,0.444,,,,,,,,,,,,,,,,,,,,,,,,
2070,ENP_hydro,0.348,0.368,0.419,0.442,0.446,,,,,,,,,,,,,,,,,,,,,,,,
2071,ENP_hydro,0.356,0.375,0.421,0.445,0.447,,,,,,,,,,,,,,,,,,,,,,,,
2072,ENP_hydro,0.363,0.382,0.423,0.448,0.447,,,,,,,,,,,,,,,,,,,,,,,,
2073,ENP_hydro,0.37,0.389,0.425,0.45,0.448,,,,,,,,,,,,,,,,,,,,,,,,
2074,ENP_hydro,0.377,0.395,0.426,0.451,0.45,,,,,,,,,,,,,,,,,,,,,,,,
2075,ENP_hydro,0.385,0.402,0.427,0.451,0.453,,,,,,,,,,,,,,,,,,,,,,,,
2076,ENP_hydro,0.391,0.407,0.426,0.451,0.456,,,,,,,,,,,,,,,,,,,,,,,,
2077,ENP_hydro,0.397,0.412,0.424,0.452,0.46,,,,,,,,,,,,,,,,,,,,,,,,
2078,ENP_hydro,0.401,0.415,0.424,0.454,0.465,,,,,,,,,,,,,,,,,,,,,,,,
2079,ENP_hydro,0.405,0.418,0.424,0.456,0.469,,,,,,,,,,,,,,,,,,,,,,,,
2080,ENP_hydro,0.407,0.42,0.425,0.459,0.474,,,,,,,,,,,,,,,,,,,,,,,,
2081,ENP_hydro,0.41,0.422,0.427,0.463,0.479,,,,,,,,,,,,,,,,,,,,,,,,
2082,ENP_hydro,0.412,0.425,0.43,0.466,0.484,,,,,,,,,,,,,,,,,,,,,,,,
2083,ENP_hydro,0.414,0.428,0.433,0.471,0.489,,,,,,,,,,,,,,,,,,,,,,,,
2084,ENP_hydro,0.417,0.432,0.436,0.475,0.495,,,,,,,,,,,,,,,,,,,,,,,,
2085,ENP_hydro,0.42,0.436,0.439,0.479,0.5,,,,,,,,,,,,,,,,,,,,,,,,
2086,ENP_hydro,0.424,0.441,0.443,0.484,0.506,,,,,,,,,,,,,,,,,,,,,,,,
2087,ENP_hydro,0.428,0.446,0.447,0.489,0.512,,,,,,,,,,,,,,,,,,,,,,,,
2088,ENP_hydro,0.432,0.452,0.45,0.494,0.519,,,,,,,,,,,,,,,,,,,,,,,,
2089,ENP_hydro,0.437,0.457,0.454,0.499,0.526,,,,,,,,,,,,,,,,,,,,,,,,
2090,ENP_hydro,0.442,0.463,0.458,0.504,0.533,,,,,,,,,,,,,,,,,,,,,,,,
2091,ENP_hydro,0.447,0.469,0.461,0.509,0.541,,,,,,,,,,,,,,,,,,,,,,,,
2092,ENP_hydro,0.453,0.476,0.465,0.515,0.549,,,,,,,,,,,,,,,,,,,,,,,,
2093,ENP_hydro,0.458,0.482,0.469,0.52,0.557,,,,,,,,,,,,,,,,,,,,,,,,
2094,ENP_hydro,0.464,0.489,0.473,0.526,0.566,,,,,,,,,,,,,,,,,,,,,,,,
2095,ENP_hydro,0.47,0.496,0.477,0.532,0.576,,,,,,,,,,,,,,,,,,,,,,,,
2096,ENP_hydro,0.476,0.502,0.482,0.539,0.587,,,,,,,,,,,,,,,,,,,,,,,,
2097,ENP_hydro,0.482,0.509,0.487,0.546,0.599,,,,,,,,,,,,,,,,,,,,,,,,
2098,ENP_hydro,0.488,0.516,0.492,0.554,0.611,,,,,,,,,,,,,,,,,,,,,,,,
2099,ENP_hydro,0.493,0.522,0.497,0.562,0.624,,,,,,,,,,,,,,,,,,,,,,,,
2100,ENP_hydro,0.499,0.529,0.503,0.57,0.637,,,,,,,,,,,,,,,,,,,,,,,,
2019,ENP_nuclear,0.001,0.001,0.001,0.001,0.001,,,,,,,,,,,,,,,,,,,,,,,,
2020,ENP_nuclear,0.001,0.001,0.001,0.001,0.001,,,,,,,,,,,,,,,,,,,,,,,,
2021,ENP_nuclear,0.001,0.001,0.001,0.001,0.001,,,,,,,,,,,,,,,,,,,,,,,,
2022,ENP_nuclear,0.001,0.001,0.001,0.001,0.001,,,,,,,,,,,,,,,,,,,,,,,,
2023,ENP_nuclear,0.001,0.001,0.001,0.001,0.001,,,,,,,,,,,,,,,,,,,,,,,,
2024,ENP_nuclear,0.001,0.001,0.001,0.001,0.001,,,,,,,,,,,,,,,,,,,,,,,,
2025,ENP_nuclear,0.001,0.001,0.001,0.001,0.001,,,,,,,,,,,,,,,,,,,,,,,,
2026,ENP_nuclear,0.001,0.001,0.001,0.001,0.001,,,,,,,,,,,,,,,,,,,,,,,,
2027,ENP_nuclear,0.001,0.001,0.001,0.001,0.001,,,,,,,,,,,,,,,,,,,,,,,,
2028,ENP_nuclear,0.001,0.001,0.001,0.001,0.001,,,,,,,,,,,,,,,,,,,,,,,,
2029,ENP_nuclear,0.001,0.001,0.001,0.001,0.001,,,,,,,,,,,,,,,,,,,,,,,,
2030,ENP_nuclear,0.002,0.002,0.001,0.001,0.001,,,,,,,,,,,,,,,,,,,,,,,,
2031,ENP_nuclear,0.002,0.002,0.001,0.001,0.001,,,,,,,,,,,,,,,,,,,,,,,,
2032,ENP_nuclear,0.002,0.002,0.001,0.001,0.001,,,,,,,,,,,,,,,,,,,,,,,,
2033,ENP_nuclear,0.002,0.002,0.001,0.001,0.002,,,,,,,,,,,,,,,,,,,,,,,,
2034,ENP_nuclear,0.002,0.002,0.001,0.001,0.002,,,,,,,,,,,,,,,,,,,,,,,,
2035,ENP_nuclear,0.002,0.002,0.001,0.001,0.002,,,,,,,,,,,,,,,,,,,,,,,,
2036,ENP_nuclear,0.002,0.002,0.001,0.001,0.002,,,,,,,,,,,,,,,,,,,,,,,,
2037,ENP_nuclear,0.002,0.003,0.001,0.002,0.002,,,,,,,,,,,,,,,,,,,,,,,,
2038,ENP_nuclear,0.003,0.003,0.001,0.002,0.002,,,,,,,,,,,,,,,,,,,,,,,,
2039,ENP_nuclear,0.003,0.003,0.001,0.002,0.002,,,,,,,,,,,,,,,,,,,,,,,,
2040,ENP_nuclear,0.003,0.003,0.001,0.002,0.002,,,,,,,,,,,,,,,,,,,,,,,,
2041,ENP_nuclear,0.003,0.003,0.002,0.002,0.002,,,,,,,,,,,,,,,,,,,,,,,,
2042,ENP_nuclear,0.003,0.003,0.002,0.002,0.002,,,,,,,,,,,,,,,,,,,,,,,,
2043,ENP_nuclear,0.003,0.003,0.002,0.002,0.002,,,,,,,,,,,,,,,,,,,,,,,,
2044,ENP_nuclear,0.003,0.003,0.002,0.002,0.003,,,,,,,,,,,,,,,,,,,,,,,,
2045,ENP_nuclear,0.003,0.003,0.002,0.002,0.003,,,,,,,,,,,,,,,,,,,,,,,,
2046,ENP_nuclear,0.003,0.003,0.002,0.002,0.003,,,,,,,,,,,,,,,,,,,,,,,,
2047,ENP_nuclear,0.003,0.003,0.002,0.002,0.003,,,,,,,,,,,,,,,,,,,,,,,,
2048,ENP_nuclear,0.003,0.003,0.002,0.002,0.003,,,,,,,,,,,,,,,,,,,,,,,,
2049,ENP_nuclear,0.003,0.003,0.002,0.002,0.003,,,,,,,,,,,,,,,,,,,,,,,,
2050,ENP_nuclear,0.003,0.003,0.002,0.002,0.003,,,,,,,,,,,,,,,,,,,,,,,,
2051,ENP_nuclear,0.003,0.003,0.002,0.002,0.003,,,,,,,,,,,,,,,,,,,,,,,,
2052,ENP_nuclear,0.003,0.003,0.002,0.002,0.003,,,,,,,,,,,,,,,,,,,,,,,,
2053,ENP_nuclear,0.003,0.003,0.002,0.002,0.003,,,,,,,,,,,,,,,,,,,,,,,,
2054,ENP_nuclear,0.003,0.003,0.002,0.002,0.004,,,,,,,,,,,,,,,,,,,,,,,,
2055,ENP_nuclear,0.003,0.003,0.002,0.002,0.004,,,,,,,,,,,,,,,,,,,,,,,,
2056,ENP_nuclear,0.003,0.004,0.002,0.002,0.004,,,,,,,,,,,,,,,,,,,,,,,,
2057,ENP_nuclear,0.003,0.004,0.002,0.002,0.004,,,,,,,,,,,,,,,,,,,,,,,,
2058,ENP_nuclear,0.003,0.004,0.002,0.002,0.004,,,,,,,,,,,,,,,,,,,,,,,,
2059,ENP_nuclear,0.003,0.004,0.002,0.002,0.004,,,,,,,,,,,,,,,,,,,,,,,,
2060,ENP_nuclear,0.003,0.004,0.002,0.003,0.004,,,,,,,,,,,,,,,,,,,,,,,,
2061,ENP_nuclear,0.003,0.004,0.002,0.003,0.004,,,,,,,,,,,,,,,,,,,,,,,,
2062,ENP_nuclear,0.003,0.004,0.002,0.003,0.004,,,,,,,,,,,,,,,,,,,,,,,,
2063,ENP_nuclear,0.003,0.004,0.002,0.003,0.004,,,,,,,,,,,,,,,,,,,,,,,,
2064,ENP_nuclear,0.003,0.004,0.002,0.003,0.004,,,,,,,,,,,,,,,,,,,,,,,,
2065,ENP_nuclear,0.003,0.004,0.002,0.003,0.004,,,,,,,,,,,,,,,,,,,,,,,,
2066,ENP_nuclear,0.003,0.004,0.002,0.003,0.004,,,,,,,,,,,,,,,,,,,,,,,,
2067,ENP_nuclear,0.003,0.004,0.002,0.003,0.005,,,,,,,,,,,,,,,,,,,,,,,,
2068,ENP_nuclear,0.003,0.004,0.002,0.003,0.005,,,,,,,,,,,,,,,,,,,,,,,,
2069,ENP_nuclear,0.003,0.004,0.002,0.003,0.005,,,,,,,,,,,,,,,,,,,,,,,,
2070,ENP_nuclear,0.003,0.004,0.002,0.003,0.005,,,,,,,,,,,,,,,,,,,,,,,,
2071,ENP_nuclear,0.003,0.004,0.002,0.003,0.005,,,,,,,,,,,,,,,,,,,,,,,,
2072,ENP_nuclear,0.003,0.004,0.002,0.004,0.005,,,,,,,,,,,,,,,,,,,,,,,,
2073,ENP_nuclear,0.003,0.004,0.002,0.004,0.005,,,,,,,,,,,,,,,,,,,,,,,,
2074,ENP_nuclear,0.003,0.004,0.003,0.004,0.006,,,,,,,,,,,,,,,,,,,,,,,,
2075,ENP_nuclear,0.004,0.004,0.003,0.004,0.006,,,,,,,,,,,,,,,,,,,,,,,,
2076,ENP_nuclear,0.004,0.004,0.003,0.004,0.006,,,,,,,,,,,,,,,,,,,,,,,,
2077,ENP_nuclear,0.004,0.004,0.003,0.004,0.006,,,,,,,,,,,,,,,,,,,,,,,,
2078,ENP_nuclear,0.004,0.005,0.003,0.005,0.006,,,,,,,,,,,,,,,,,,,,,,,,
2079,ENP_nuclear,0.004,0.005,0.003,0.005,0.006,,,,,,,,,,,,,,,,,,,,,,,,
2080,ENP_nuclear,0.004,0.005,0.003,0.005,0.007,,,,,,,,,,,,,,,,,,,,,,,,
2081,ENP_nuclear,0.004,0.005,0.003,0.005,0.007,,,,,,,,,,,,,,,,,,,,,,,,
2082,ENP_nuclear,0.004,0.005,0.003,0.005,0.007,,,,,,,,,,,,,,,,,,,,,,,,
2083,ENP_nuclear,0.004,0.005,0.003,0.005,0.007,,,,,,,,,,,,,,,,,,,,,,,,
2084,ENP_nuclear,0.004,0.005,0.003,0.006,0.007,,,,,,,,,,,,,,,,,,,,,,,,
2085,ENP_nuclear,0.004,0.005,0.004,0.006,0.008,,,,,,,,,,,,,,,,,,,,,,,,
2086,ENP_nuclear,0.004,0.005,0.004,0.006,0.008,,,,,,,,,,,,,,,,,,,,,,,,
2087,ENP_nuclear,0.004,0.005,0.004,0.006,0.008,,,,,,,,,,,,,,,,,,,,,,,,
2088,ENP_nuclear,0.004,0.005,0.004,0.006,0.008,,,,,,,,,,,,,,,,,,,,,,,,
2089,ENP_nuclear,0.004,0.005,0.004,0.007,0.009,,,,,,,,,,,,,,,,,,,,,,,,
2090,ENP_nuclear,0.004,0.005,0.004,0.007,0.009,,,,,,,,,,,,,,,,,,,,,,,,
2091,ENP_nuclear,0.004,0.005,0.004,0.007,0.009,,,,,,,,,,,,,,,,,,,,,,,,
2092,ENP_nuclear,0.004,0.005,0.004,0.007,0.009,,,,,,,,,,,,,,,,,,,,,,,,
2093,ENP_nuclear,0.004,0.005,0.004,0.007,0.009,,,,,,,,,,,,,,,,,,,,,,,,
2094,ENP_nuclear,0.004,0.005,0.004,0.008,0.01,,,,,,,,,,,,,,,,,,,,,,,,
2095,ENP_nuclear,0.004,0.005,0.004,0.008,0.01,,,,,,,,,,,,,,,,,,,,,,,,
2096,ENP_nuclear,0.004,0.006,0.004,0.008,0.01,,,,,,,,,,,,,,,,,,,,,,,,
2097,ENP_nuclear,0.004,0.006,0.004,0.008,0.01,,,,,,,,,,,,,,,,,,,,,,,,
2098,ENP_nuclear,0.005,0.006,0.005,0.008,0.01,,,,,,,,,,,,,,,,,,,,,,,,
2099,ENP_nuclear,0.005,0.006,0.005,0.009,0.011,,,,,,,,,,,,,,,,,,,,,,,,
2100,ENP_nuclear,0.005,0.006,0.005,0.009,0.011,,,,,,,,,,,,,,,,,,,,,,,,
2019,ENP_others,0.006,0.006,0.006,0.006,0.006,,,,,,,,,,,,,,,,,,,,,,,,
2020,ENP_others,0.006,0.006,0.006,0.006,0.006,,,,,,,,,,,,,,,,,,,,,,,,
2021,ENP_others,0.007,0.007,0.007,0.007,0.007,,,,,,,,,,,,,,,,,,,,,,,,
2022,ENP_others,0.009,0.009,0.009,0.009,0.009,,,,,,,,,,,,,,,,,,,,,,,,
2023,ENP_others,0.011,0.011,0.011,0.011,0.011,,,,,,,,,,,,,,,,,,,,,,,,
2024,ENP_others,0.059,0.059,0.012,0.012,0.012,,,,,,,,,,,,,,,,,,,,,,,,
2025,ENP_others,0.064,0.064,0.015,0.013,0.013,,,,,,,,,,,,,,,,,,,,,,,,
2026,ENP_others,0.071,0.071,0.019,0.015,0.014,,,,,,,,,,,,,,,,,,,,,,,,
2027,ENP_others,0.079,0.079,0.025,0.018,0.015,,,,,,,,,,,,,,,,,,,,,,,,
2028,ENP_others,0.089,0.088,0.035,0.024,0.017,,,,,,,,,,,,,,,,,,,,,,,,
2029,ENP_others,0.099,0.098,0.054,0.036,0.019,,,,,,,,,,,,,,,,,,,,,,,,
2030,ENP_others,0.109,0.109,0.108,0.075,0.022,,,,,,,,,,,,,,,,,,,,,,,,
2031,ENP_others,0.121,0.121,0.118,0.08,0.025,,,,,,,,,,,,,,,,,,,,,,,,
2032,ENP_others,0.133,0.134,0.125,0.085,0.029,,,,,,,,,,,,,,,,,,,,,,,,
2033,ENP_others,0.146,0.149,0.136,0.092,0.032,,,,,,,,,,,,,,,,,,,,,,,,
2034,ENP_others,0.16,0.164,0.149,0.103,0.036,,,,,,,,,,,,,,,,,,,,,,,,
2035,ENP_others,0.175,0.18,0.166,0.117,0.041,,,,,,,,,,,,,,,,,,,,,,,,
2036,ENP_others,0.191,0.199,0.185,0.133,0.046,,,,,,,,,,,,,,,,,,,,,,,,
2037,ENP_others,0.21,0.221,0.207,0.152,0.051,,,,,,,,,,,,,,,,,,,,,,,,
2038,ENP_others,0.231,0.245,0.231,0.174,0.058,,,,,,,,,,,,,,,,,,,,,,,,
2039,ENP_others,0.252,0.269,0.256,0.197,0.065,,,,,,,,,,,,,,,,,,,,,,,,
2040,ENP_others,0.272,0.293,0.282,0.22,0.073,,,,,,,,,,,,,,,,,,,,,,,,
2041,ENP_others,0.291,0.315,0.305,0.244,0.082,,,,,,,,,,,,,,,,,,,,,,,,
2042,ENP_others,0.309,0.337,0.325,0.265,0.092,,,,,,,,,,,,,,,,,,,,,,,,
2043,ENP_others,0.327,0.359,0.344,0.284,0.103,,,,,,,,,,,,,,,,,,,,,,,,
2044,ENP_others,0.346,0.381,0.361,0.302,0.115,,,,,,,,,,,,,,,,,,,,,,,,
2045,ENP_others,0.365,0.405,0.38,0.319,0.127,,,,,,,,,,,,,,,,,,,,,,,,
2046,ENP_others,0.385,0.43,0.402,0.336,0.141,,,,,,,,,,,,,,,,,,,,,,,,
2047,ENP_others,0.406,0.457,0.426,0.354,0.156,,,,,,,,,,,,,,,,,,,,,,,,
2048,ENP_others,0.429,0.486,0.453,0.371,0.173,,,,,,,,,,,,,,,,,,,,,,,,
2049,ENP_others,0.459,0.524,0.485,0.389,0.191,,,,,,,,,,,,,,,,,,,,,,,,
2050,ENP_others,0.496,0.573,0.52,0.409,0.212,,,,,,,,,,,,,,,,,,,,,,,,
2051,ENP_others,0.543,0.634,0.56,0.432,0.234,,,,,,,,,,,,,,,,,,,,,,,,
2052,ENP_others,0.601,0.71,0.605,0.461,0.257,,,,,,,,,,,,,,,,,,,,,,,,
2053,ENP_others,0.673,0.803,0.654,0.492,0.282,,,,,,,,,,,,,,,,,,,,,,,,
2054,ENP_others,0.76,0.915,0.706,0.526,0.309,,,,,,,,,,,,,,,,,,,,,,,,
2055,ENP_others,0.862,1.046,0.758,0.564,0.337,,,,,,,,,,,,,,,,,,,,,,,,
2056,ENP_others,0.976,1.188,0.81,0.605,0.367,,,,,,,,,,,,,,,,,,,,,,,,
2057,ENP_others,1.103,1.336,0.862,0.65,0.399,,,,,,,,,,,,,,,,,,,,,,,,
2058,ENP_others,1.228,1.482,0.914,0.698,0.433,,,,,,,,,,,,,,,,,,,,,,,,
2059,ENP_others,1.355,1.63,0.968,0.747,0.472,,,,,,,,,,,,,,,,,,,,,,,,
2060,ENP_others,1.479,1.782,1.025,0.799,0.513,,,,,,,,,,,,,,,,,,,,,,,,
2061,ENP_others,1.604,1.934,1.086,0.853,0.559,,,,,,,,,,,,,,,,,,,,,,,,
2062,ENP_others,1.728,2.094,1.151,0.91,0.612,,,,,,,,,,,,,,,,,,,,,,,,
2063,ENP_others,1.857,2.261,1.221,0.971,0.671,,,,,,,,,,,,,,,,,,,,,,,,
2064,ENP_others,1.992,2.439,1.297,1.037,0.737,,,,,,,,,,,,,,,,,,,,,,,,
2065,ENP_others,2.092,2.579,1.378,1.109,0.811,,,,,,,,,,,,,,,,,,,,,,,,
2066,ENP_others,2.206,2.74,1.463,1.19,0.892,,,,,,,,,,,,,,,,,,,,,,,,
2067,ENP_others,2.337,2.928,1.554,1.276,0.982,,,,,,,,,,,,,,,,,,,,,,,,
2068,ENP_others,2.487,3.147,1.651,1.37,1.078,,,,,,,,,,,,,,,,,,,,,,,,
2069,ENP_others,2.657,3.4,1.755,1.474,1.181,,,,,,,,,,,,,,,,,,,,,,,,
2070,ENP_others,2.851,3.69,1.865,1.587,1.326,,,,,,,,,,,,,,,,,,,,,,,,
2071,ENP_others,3.074,4.026,1.981,1.711,1.489,,,,,,,,,,,,,,,,,,,,,,,,
2072,ENP_others,3.331,4.411,2.107,1.846,1.676,,,,,,,,,,,,,,,,,,,,,,,,
2073,ENP_others,3.625,4.851,2.247,2.02,1.881,,,,,,,,,,,,,,,,,,,,,,,,
2074,ENP_others,3.959,5.338,2.408,2.217,2.102,,,,,,,,,,,,,,,,,,,,,,,,
2075,ENP_others,4.346,5.895,2.593,2.437,2.34,,,,,,,,,,,,,,,,,,,,,,,,
2076,ENP_others,4.776,6.493,2.802,2.678,2.599,,,,,,,,,,,,,,,,,,,,,,,,
2077,ENP_others,5.25,7.132,3.043,2.932,2.886,,,,,,,,,,,,,,,,,,,,,,,,
2078,ENP_others,5.749,7.782,3.297,3.203,3.187,,,,,,,,,,,,,,,,,,,,,,,,
2079,ENP_others,6.272,8.441,3.565,3.502,3.506,,,,,,,,,,,,,,,,,,,,,,,,
2080,ENP_others,6.797,9.095,3.849,3.824,3.857,,,,,,,,,,,,,,,,,,,,,,,,
2081,ENP_others,7.328,9.746,4.168,4.162,4.225,,,,,,,,,,,,,,,,,,,,,,,,
2082,ENP_others,7.851,10.39,4.508,4.52,4.62,,,,,,,,,,,,,,,,,,,,,,,,
2083,ENP_others,8.373,10.98,4.865,4.916,5.042,,,,,,,,,,,,,,,,,,,,,,,,
2084,ENP_others,8.872,11.55,5.252,5.332,5.488,,,,,,,,,,,,,,,,,,,,,,,,
2085,ENP_others,9.341,12.11,5.655,5.775,5.963,,,,,,,,,,,,,,,,,,,,,,,,
2086,ENP_others,9.79,12.65,6.082,6.256,6.468,,,,,,,,,,,,,,,,,,,,,,,,
2087,ENP_others,10.23,13.2,6.54,6.761,7.003,,,,,,,,,,,,,,,,,,,,,,,,
2088,ENP_others,10.66,13.76,7.019,7.3,7.569,,,,,,,,,,,,,,,,,,,,,,,,
2089,ENP_others,11.1,14.34,7.53,7.863,8.166,,,,,,,,,,,,,,,,,,,,,,,,
2090,ENP_others,11.55,14.95,8.068,8.453,8.783,,,,,,,,,,,,,,,,,,,,,,,,
2091,ENP_others,12.01,15.58,8.632,9.067,9.421,,,,,,,,,,,,,,,,,,,,,,,,
2092,ENP_others,12.5,16.24,9.214,9.704,10.08,,,,,,,,,,,,,,,,,,,,,,,,
2093,ENP_others,13.03,16.99,9.805,10.36,10.75,,,,,,,,,,,,,,,,,,,,,,,,
2094,ENP_others,13.64,17.83,10.41,11.05,11.44,,,,,,,,,,,,,,,,,,,,,,,,
2095,ENP_others,14.32,18.77,11.02,11.75,12.15,,,,,,,,,,,,,,,,,,,,,,,,
2096,ENP_others,15.1,19.86,11.65,12.46,12.88,,,,,,,,,,,,,,,,,,,,,,,,
2097,ENP_others,15.99,21.07,12.28,13.19,13.63,,,,,,,,,,,,,,,,,,,,,,,,
2098,ENP_others,16.95,22.31,12.92,13.94,14.41,,,,,,,,,,,,,,,,,,,,,,,,
2099,ENP_others,17.99,23.6,13.57,14.7,15.2,,,,,,,,,,,,,,,,,,,,,,,,
2100,ENP_others,19.07,24.93,14.22,15.48,16.01,,,,,,,,,,,,,,,,,,,,,,,,
2019,CARANN,0.057,0.057,0.057,0.057,0.057,,,,,,,,,,,,,,,,,,,,,,,,
2020,CARANN,0.063,0.063,0.063,0.063,0.063,,,,,,,,,,,,,,,,,,,,,,,,
2021,CARANN,0.068,0.068,0.068,0.068,0.068,,,,,,,,,,,,,,,,,,,,,,,,
2022,CARANN,0.071,0.071,0.071,0.071,0.071,,,,,,,,,,,,,,,,,,,,,,,,
2023,CARANN,0.074,0.074,0.074,0.074,0.074,,,,,,,,,,,,,,,,,,,,,,,,
2024,CARANN,0.071,0.071,0.076,0.076,0.076,,,,,,,,,,,,,,,,,,,,,,,,
2025,CARANN,0.077,0.077,0.072,0.078,0.08,,,,,,,,,,,,,,,,,,,,,,,,
2026,CARANN,0.084,0.084,0.074,0.082,0.084,,,,,,,,,,,,,,,,,,,,,,,,
2027,CARANN,0.09,0.09,0.077,0.087,0.09,,,,,,,,,,,,,,,,,,,,,,,,
2028,CARANN,0.095,0.095,0.079,0.091,0.096,,,,,,,,,,,,,,,,,,,,,,,,
2029,CARANN,0.098,0.098,0.08,0.095,0.103,,,,,,,,,,,,,,,,,,,,,,,,
2030,CARANN,0.101,0.101,0.079,0.097,0.109,,,,,,,,,,,,,,,,,,,,,,,,
2031,CARANN,0.102,0.103,0.077,0.097,0.116,,,,,,,,,,,,,,,,,,,,,,,,
2032,CARANN,0.105,0.105,0.076,0.097,0.122,,,,,,,,,,,,,,,,,,,,,,,,
2033,CARANN,0.108,0.109,0.076,0.099,0.129,,,,,,,,,,,,,,,,,,,,,,,,
2034,CARANN,0.111,0.113,0.077,0.101,0.135,,,,,,,,,,,,,,,,,,,,,,,,
2035,CARANN,0.115,0.118,0.079,0.104,0.142,,,,,,,,,,,,,,,,,,,,,,,,
2036,CARANN,0.119,0.123,0.08,0.108,0.149,,,,,,,,,,,,,,,,,,,,,,,,
2037,CARANN,0.124,0.128,0.082,0.111,0.157,,,,,,,,,,,,,,,,,,,,,,,,
2038,CARANN,0.128,0.133,0.083,0.115,0.165,,,,,,,,,,,,,,,,,,,,,,,,
2039,CARANN,0.132,0.136,0.085,0.118,0.174,,,,,,,,,,,,,,,,,,,,,,,,
2040,CARANN,0.133,0.138,0.085,0.121,0.184,,,,,,,,,,,,,,,,,,,,,,,,
2041,CARANN,0.133,0.139,0.086,0.124,0.194,,,,,,,,,,,,,,,,,,,,,,,,
2042,CARANN,0.132,0.138,0.086,0.126,0.204,,,,,,,,,,,,,,,,,,,,,,,,
2043,CARANN,0.131,0.137,0.086,0.129,0.216,,,,,,,,,,,,,,,,,,,,,,,,
2044,CARANN,0.129,0.136,0.086,0.132,0.227,,,,,,,,,,,,,,,,,,,,,,,,
2045,CARANN,0.127,0.135,0.086,0.135,0.238,,,,,,,,,,,,,,,,,,,,,,,,
2046,CARANN,0.126,0.134,0.086,0.138,0.25,,,,,,,,,,,,,,,,,,,,,,,,
2047,CARANN,0.123,0.131,0.087,0.142,0.262,,,,,,,,,,,,,,,,,,,,,,,,
2048,CARANN,0.121,0.13,0.088,0.145,0.275,,,,,,,,,,,,,,,,,,,,,,,,
2049,CARANN,0.121,0.13,0.09,0.149,0.288,,,,,,,,,,,,,,,,,,,,,,,,
2050,CARANN,0.121,0.131,0.093,0.153,0.302,,,,,,,,,,,,,,,,,,,,,,,,
2051,CARANN,0.122,0.134,0.096,0.157,0.316,,,,,,,,,,,,,,,,,,,,,,,,
2052,CARANN,0.125,0.137,0.1,0.162,0.331,,,,,,,,,,,,,,,,,,,,,,,,
2053,CARANN,0.129,0.142,0.106,0.168,0.346,,,,,,,,,,,,,,,,,,,,,,,,
2054,CARANN,0.133,0.147,0.112,0.175,0.362,,,,,,,,,,,,,,,,,,,,,,,,
2055,CARANN,0.137,0.152,0.118,0.183,0.378,,,,,,,,,,,,,,,,,,,,,,,,
2056,CARANN,0.141,0.157,0.124,0.192,0.394,,,,,,,,,,,,,,,,,,,,,,,,
2057,CARANN,0.145,0.16,0.129,0.202,0.411,,,,,,,,,,,,,,,,,,,,,,,,
2058,CARANN,0.147,0.162,0.134,0.212,0.428,,,,,,,,,,,,,,,,,,,,,,,,
2059,CARANN,0.148,0.164,0.14,0.222,0.445,,,,,,,,,,,,,,,,,,,,,,,,
2060,CARANN,0.148,0.164,0.145,0.233,0.462,,,,,,,,,,,,,,,,,,,,,,,,
2061,CARANN,0.147,0.164,0.15,0.242,0.479,,,,,,,,,,,,,,,,,,,,,,,,
2062,CARANN,0.146,0.163,0.155,0.252,0.495,,,,,,,,,,,,,,,,,,,,,,,,
2063,CARANN,0.145,0.161,0.161,0.261,0.512,,,,,,,,,,,,,,,,,,,,,,,,
2064,CARANN,0.143,0.16,0.166,0.27,0.529,,,,,,,,,,,,,,,,,,,,,,,,
2065,CARANN,0.141,0.158,0.172,0.28,0.547,,,,,,,,,,,,,,,,,,,,,,,,
2066,CARANN,0.14,0.157,0.178,0.289,0.564,,,,,,,,,,,,,,,,,,,,,,,,
2067,CARANN,0.139,0.157,0.185,0.298,0.582,,,,,,,,,,,,,,,,,,,,,,,,
2068,CARANN,0.138,0.156,0.191,0.307,0.6,,,,,,,,,,,,,,,,,,,,,,,,
2069,CARANN,0.137,0.156,0.199,0.317,0.617,,,,,,,,,,,,,,,,,,,,,,,,
2070,CARANN,0.136,0.156,0.206,0.327,0.632,,,,,,,,,,,,,,,,,,,,,,,,
2071,CARANN,0.136,0.156,0.214,0.337,0.646,,,,,,,,,,,,,,,,,,,,,,,,
2072,CARANN,0.136,0.157,0.222,0.348,0.658,,,,,,,,,,,,,,,,,,,,,,,,
2073,CARANN,0.136,0.158,0.231,0.36,0.669,,,,,,,,,,,,,,,,,,,,,,,,
2074,CARANN,0.138,0.161,0.242,0.369,0.68,,,,,,,,,,,,,,,,,,,,,,,,
2075,CARANN,0.14,0.164,0.254,0.378,0.691,,,,,,,,,,,,,,,,,,,,,,,,
2076,CARANN,0.142,0.167,0.264,0.385,0.701,,,,,,,,,,,,,,,,,,,,,,,,
2077,CARANN,0.145,0.17,0.271,0.392,0.71,,,,,,,,,,,,,,,,,,,,,,,,
2078,CARANN,0.147,0.172,0.278,0.4,0.719,,,,,,,,,,,,,,,,,,,,,,,,
2079,CARANN,0.149,0.173,0.285,0.407,0.727,,,,,,,,,,,,,,,,,,,,,,,,
2080,CARANN,0.151,0.174,0.291,0.413,0.734,,,,,,,,,,,,,,,,,,,,,,,,
2081,CARANN,0.152,0.175,0.297,0.42,0.74,,,,,,,,,,,,,,,,,,,,,,,,
2082,CARANN,0.152,0.175,0.302,0.427,0.745,,,,,,,,,,,,,,,,,,,,,,,,
2083,CARANN,0.152,0.176,0.307,0.433,0.748,,,,,,,,,,,,,,,,,,,,,,,,
2084,CARANN,0.151,0.177,0.312,0.44,0.751,,,,,,,,,,,,,,,,,,,,,,,,
2085,CARANN,0.151,0.178,0.316,0.446,0.752,,,,,,,,,,,,,,,,,,,,,,,,
2086,CARANN,0.151,0.179,0.32,0.452,0.752,,,,,,,,,,,,,,,,,,,,,,,,
2087,CARANN,0.151,0.18,0.324,0.459,0.752,,,,,,,,,,,,,,,,,,,,,,,,
2088,CARANN,0.151,0.181,0.327,0.466,0.751,,,,,,,,,,,,,,,,,,,,,,,,
2089,CARANN,0.15,0.181,0.33,0.473,0.749,,,,,,,,,,,,,,,,,,,,,,,,
2090,CARANN,0.15,0.181,0.334,0.479,0.747,,,,,,,,,,,,,,,,,,,,,,,,
2091,CARANN,0.15,0.181,0.338,0.485,0.745,,,,,,,,,,,,,,,,,,,,,,,,
2092,CARANN,0.15,0.179,0.342,0.492,0.741,,,,,,,,,,,,,,,,,,,,,,,,
2093,CARANN,0.15,0.178,0.346,0.498,0.738,,,,,,,,,,,,,,,,,,,,,,,,
2094,CARANN,0.15,0.176,0.351,0.505,0.734,,,,,,,,,,,,,,,,,,,,,,,,
2095,CARANN,0.151,0.175,0.355,0.512,0.73,,,,,,,,,,,,,,,,,,,,,,,,
2096,CARANN,0.151,0.173,0.359,0.519,0.73,,,,,,,,,,,,,,,,,,,,,,,,
2097,CARANN,0.151,0.172,0.364,0.526,0.729,,,,,,,,,,,,,,,,,,,,,,,,
2098,CARANN,0.151,0.172,0.368,0.534,0.727,,,,,,,,,,,,,,,,,,,,,,,,
2099,CARANN,0.148,0.169,0.371,0.538,0.724,,,,,,,,,,,,,,,,,,,,,,,,
2100,CARANN,0.145,0.167,0.375,0.54,0.72,,,,,,,,,,,,,,,,,,,,,,,,
2019,INFMOR,45,45,45,45,45,,,,,,,,,,,,,,,,,,,,,,,,
2020,INFMOR,44.59,44.59,44.59,44.59,44.59,,,,,,,,,,,,,,,,,,,,,,,,
2021,INFMOR,43.8,43.8,43.8,43.8,43.8,,,,,,,,,,,,,,,,,,,,,,,,
2022,INFMOR,42.54,42.54,42.54,42.54,42.54,,,,,,,,,,,,,,,,,,,,,,,,
2023,INFMOR,41.73,41.73,41.73,41.73,41.73,,,,,,,,,,,,,,,,,,,,,,,,
2024,INFMOR,40.7,40.24,40.68,40.69,40.69,,,,,,,,,,,,,,,,,,,,,,,,
2025,INFMOR,39.6,39.11,39.18,39.62,39.62,,,,,,,,,,,,,,,,,,,,,,,,
2026,INFMOR,38.5,37.81,38.01,38.1,38.5,,,,,,,,,,,,,,,,,,,,,,,,
2027,INFMOR,37.43,36.55,36.67,36.89,37.43,,,,,,,,,,,,,,,,,,,,,,,,
2028,INFMOR,36.3,35.26,35.36,35.53,36.3,,,,,,,,,,,,,,,,,,,,,,,,
2029,INFMOR,35.22,34.02,34.11,34.25,35.23,,,,,,,,,,,,,,,,,,,,,,,,
2030,INFMOR,34.18,32.81,32.88,33.06,34.21,,,,,,,,,,,,,,,,,,,,,,,,
2031,INFMOR,33.19,31.65,31.74,31.93,33.23,,,,,,,,,,,,,,,,,,,,,,,,
2032,INFMOR,32.22,30.51,30.61,30.83,32.3,,,,,,,,,,,,,,,,,,,,,,,,
2033,INFMOR,31.27,29.39,29.5,29.74,31.39,,,,,,,,,,,,,,,,,,,,,,,,
2034,INFMOR,30.36,28.32,28.42,28.67,30.52,,,,,,,,,,,,,,,,,,,,,,,,
2035,INFMOR,29.49,27.3,27.37,27.64,29.68,,,,,,,,,,,,,,,,,,,,,,,,
2036,INFMOR,28.66,26.31,26.35,26.64,28.87,,,,,,,,,,,,,,,,,,,,,,,,
2037,INFMOR,27.86,25.4,25.37,25.67,28.07,,,,,,,,,,,,,,,,,,,,,,,,
2038,INFMOR,27.08,24.52,24.45,24.72,27.29,,,,,,,,,,,,,,,,,,,,,,,,
2039,INFMOR,26.32,23.69,23.57,23.83,26.51,,,,,,,,,,,,,,,,,,,,,,,,
2040,INFMOR,25.56,22.88,22.73,22.97,25.75,,,,,,,,,,,,,,,,,,,,,,,,
2041,INFMOR,24.8,22.09,21.91,22.16,25,,,,,,,,,,,,,,,,,,,,,,,,
2042,INFMOR,24.06,21.33,21.11,21.36,24.26,,,,,,,,,,,,,,,,,,,,,,,,
2043,INFMOR,23.34,20.6,20.33,20.59,23.55,,,,,,,,,,,,,,,,,,,,,,,,
2044,INFMOR,22.63,19.87,19.57,19.84,22.85,,,,,,,,,,,,,,,,,,,,,,,,
2045,INFMOR,21.93,19.17,18.84,19.11,22.17,,,,,,,,,,,,,,,,,,,,,,,,
2046,INFMOR,21.26,18.5,18.14,18.4,21.5,,,,,,,,,,,,,,,,,,,,,,,,
2047,INFMOR,20.6,17.85,17.46,17.71,20.85,,,,,,,,,,,,,,,,,,,,,,,,
2048,INFMOR,19.96,17.22,16.8,17.04,20.22,,,,,,,,,,,,,,,,,,,,,,,,
2049,INFMOR,19.34,16.6,16.16,16.39,19.6,,,,,,,,,,,,,,,,,,,,,,,,
2050,INFMOR,18.73,16,15.53,15.75,18.99,,,,,,,,,,,,,,,,,,,,,,,,
2051,INFMOR,18.13,15.41,14.92,15.14,18.41,,,,,,,,,,,,,,,,,,,,,,,,
2052,INFMOR,17.55,14.84,14.32,14.55,17.84,,,,,,,,,,,,,,,,,,,,,,,,
2053,INFMOR,16.99,14.29,13.75,13.95,17.3,,,,,,,,,,,,,,,,,,,,,,,,
2054,INFMOR,16.44,13.75,13.19,13.37,16.76,,,,,,,,,,,,,,,,,,,,,,,,
2055,INFMOR,15.91,13.2,12.64,12.79,16.24,,,,,,,,,,,,,,,,,,,,,,,,
2056,INFMOR,15.39,12.67,12.1,12.24,15.72,,,,,,,,,,,,,,,,,,,,,,,,
2057,INFMOR,14.89,12.15,11.59,11.7,15.22,,,,,,,,,,,,,,,,,,,,,,,,
2058,INFMOR,14.4,11.65,11.08,11.18,14.72,,,,,,,,,,,,,,,,,,,,,,,,
2059,INFMOR,13.92,11.16,10.58,10.67,14.24,,,,,,,,,,,,,,,,,,,,,,,,
2060,INFMOR,13.46,10.67,10.1,10.17,13.78,,,,,,,,,,,,,,,,,,,,,,,,
2061,INFMOR,13,10.21,9.637,9.692,13.34,,,,,,,,,,,,,,,,,,,,,,,,
2062,INFMOR,12.56,9.753,9.188,9.227,12.91,,,,,,,,,,,,,,,,,,,,,,,,
2063,INFMOR,12.13,9.312,8.752,8.774,12.49,,,,,,,,,,,,,,,,,,,,,,,,
2064,INFMOR,11.7,8.869,8.33,8.337,12.08,,,,,,,,,,,,,,,,,,,,,,,,
2065,INFMOR,11.28,8.449,7.905,7.9,11.66,,,,,,,,,,,,,,,,,,,,,,,,
2066,INFMOR,10.87,8.036,7.507,7.488,11.26,,,,,,,,,,,,,,,,,,,,,,,,
2067,INFMOR,10.47,7.63,7.12,7.093,10.86,,,,,,,,,,,,,,,,,,,,,,,,
2068,INFMOR,10.06,7.24,6.745,6.714,10.46,,,,,,,,,,,,,,,,,,,,,,,,
2069,INFMOR,9.671,6.865,6.39,6.352,10.07,,,,,,,,,,,,,,,,,,,,,,,,
2070,INFMOR,9.309,6.519,6.058,6.017,9.696,,,,,,,,,,,,,,,,,,,,,,,,
2071,INFMOR,8.953,6.187,5.74,5.695,9.337,,,,,,,,,,,,,,,,,,,,,,,,
2072,INFMOR,8.604,5.866,5.433,5.383,8.981,,,,,,,,,,,,,,,,,,,,,,,,
2073,INFMOR,8.266,5.557,5.138,5.085,8.65,,,,,,,,,,,,,,,,,,,,,,,,
2074,INFMOR,7.94,5.266,4.852,4.8,8.325,,,,,,,,,,,,,,,,,,,,,,,,
2075,INFMOR,7.627,4.995,4.581,4.523,8.005,,,,,,,,,,,,,,,,,,,,,,,,
2076,INFMOR,7.33,4.743,4.338,4.279,7.7,,,,,,,,,,,,,,,,,,,,,,,,
2077,INFMOR,7.041,4.515,4.115,4.06,7.408,,,,,,,,,,,,,,,,,,,,,,,,
2078,INFMOR,6.761,4.313,3.912,3.859,7.125,,,,,,,,,,,,,,,,,,,,,,,,
2079,INFMOR,6.489,4.127,3.725,3.669,6.853,,,,,,,,,,,,,,,,,,,,,,,,
2080,INFMOR,6.224,3.949,3.561,3.502,6.589,,,,,,,,,,,,,,,,,,,,,,,,
2081,INFMOR,5.952,3.777,3.401,3.344,6.323,,,,,,,,,,,,,,,,,,,,,,,,
2082,INFMOR,5.692,3.612,3.254,3.195,6.057,,,,,,,,,,,,,,,,,,,,,,,,
2083,INFMOR,5.45,3.454,3.11,3.052,5.797,,,,,,,,,,,,,,,,,,,,,,,,
2084,INFMOR,5.222,3.304,2.972,2.915,5.555,,,,,,,,,,,,,,,,,,,,,,,,
2085,INFMOR,5.009,3.162,2.841,2.788,5.326,,,,,,,,,,,,,,,,,,,,,,,,
2086,INFMOR,4.812,3.031,2.718,2.67,5.111,,,,,,,,,,,,,,,,,,,,,,,,
2087,INFMOR,4.633,2.91,2.606,2.562,4.911,,,,,,,,,,,,,,,,,,,,,,,,
2088,INFMOR,4.46,2.797,2.502,2.463,4.728,,,,,,,,,,,,,,,,,,,,,,,,
2089,INFMOR,4.291,2.692,2.404,2.371,4.55,,,,,,,,,,,,,,,,,,,,,,,,
2090,INFMOR,4.128,2.595,2.313,2.283,4.377,,,,,,,,,,,,,,,,,,,,,,,,
2091,INFMOR,3.972,2.503,2.226,2.199,4.209,,,,,,,,,,,,,,,,,,,,,,,,
2092,INFMOR,3.821,2.413,2.143,2.118,4.047,,,,,,,,,,,,,,,,,,,,,,,,
2093,INFMOR,3.688,2.328,2.063,2.041,3.894,,,,,,,,,,,,,,,,,,,,,,,,
2094,INFMOR,3.565,2.247,1.992,1.968,3.76,,,,,,,,,,,,,,,,,,,,,,,,
2095,INFMOR,3.446,2.168,1.924,1.9,3.634,,,,,,,,,,,,,,,,,,,,,,,,
2096,INFMOR,3.334,2.09,1.86,1.836,3.515,,,,,,,,,,,,,,,,,,,,,,,,
2097,INFMOR,3.228,2.018,1.802,1.777,3.402,,,,,,,,,,,,,,,,,,,,,,,,
2098,INFMOR,3.127,1.95,1.746,1.723,3.292,,,,,,,,,,,,,,,,,,,,,,,,
2099,INFMOR,3.032,1.887,1.693,1.673,3.192,,,,,,,,,,,,,,,,,,,,,,,,
2100,INFMOR,2.942,1.83,1.645,1.626,3.096,,,,,,,,,,,,,,,,,,,,,,,,
2019,MALNPOPP,26.47,26.47,26.47,26.47,26.47,,,,,,,,,,,,,,,,,,,,,,,,
2020,MALNPOPP,26.45,26.45,26.45,26.45,26.45,,,,,,,,,,,,,,,,,,,,,,,,
2021,MALNPOPP,26.02,26.02,26.02,26.02,26.02,,,,,,,,,,,,,,,,,,,,,,,,
2022,MALNPOPP,25.04,25.04,25.04,25.04,25.04,,,,,,,,,,,,,,,,,,,,,,,,
2023,MALNPOPP,24.64,24.64,24.64,24.64,24.64,,,,,,,,,,,,,,,,,,,,,,,,
2024,MALNPOPP,24.11,21.59,24.07,24.11,24.11,,,,,,,,,,,,,,,,,,,,,,,,
2025,MALNPOPP,23.42,21.34,21.01,23.44,23.44,,,,,,,,,,,,,,,,,,,,,,,,
2026,MALNPOPP,22.79,20.26,20.74,20.58,22.79,,,,,,,,,,,,,,,,,,,,,,,,
2027,MALNPOPP,22.18,19.39,19.64,20.21,22.19,,,,,,,,,,,,,,,,,,,,,,,,
2028,MALNPOPP,21.57,18.5,18.78,19.16,21.58,,,,,,,,,,,,,,,,,,,,,,,,
2029,MALNPOPP,21,17.64,17.89,18.33,21.02,,,,,,,,,,,,,,,,,,,,,,,,
2030,MALNPOPP,20.44,16.79,17.03,17.47,20.48,,,,,,,,,,,,,,,,,,,,,,,,
2031,MALNPOPP,19.9,15.97,16.2,16.65,19.95,,,,,,,,,,,,,,,,,,,,,,,,
2032,MALNPOPP,19.37,15.15,15.37,15.82,19.44,,,,,,,,,,,,,,,,,,,,,,,,
2033,MALNPOPP,18.84,14.34,14.53,15,18.93,,,,,,,,,,,,,,,,,,,,,,,,
2034,MALNPOPP,18.33,13.55,13.72,14.19,18.43,,,,,,,,,,,,,,,,,,,,,,,,
2035,MALNPOPP,17.83,12.78,12.91,13.39,17.94,,,,,,,,,,,,,,,,,,,,,,,,
2036,MALNPOPP,17.33,12.02,12.12,12.6,17.44,,,,,,,,,,,,,,,,,,,,,,,,
2037,MALNPOPP,16.83,11.31,11.37,11.83,16.95,,,,,,,,,,,,,,,,,,,,,,,,
2038,MALNPOPP,16.32,10.6,10.65,11.06,16.45,,,,,,,,,,,,,,,,,,,,,,,,
2039,MALNPOPP,15.81,9.906,9.941,10.34,15.94,,,,,,,,,,,,,,,,,,,,,,,,
2040,MALNPOPP,15.29,9.48,9.25,9.639,15.43,,,,,,,,,,,,,,,,,,,,,,,,
2041,MALNPOPP,14.78,9.074,8.837,8.949,14.92,,,,,,,,,,,,,,,,,,,,,,,,
2042,MALNPOPP,14.26,8.658,8.416,8.53,14.41,,,,,,,,,,,,,,,,,,,,,,,,
2043,MALNPOPP,13.74,8.252,8,8.118,13.9,,,,,,,,,,,,,,,,,,,,,,,,
2044,MALNPOPP,13.23,7.854,7.596,7.707,13.39,,,,,,,,,,,,,,,,,,,,,,,,
2045,MALNPOPP,12.73,7.461,7.198,7.302,12.89,,,,,,,,,,,,,,,,,,,,,,,,
2046,MALNPOPP,12.23,7.076,6.815,6.907,12.4,,,,,,,,,,,,,,,,,,,,,,,,
2047,MALNPOPP,11.74,6.699,6.434,6.517,11.91,,,,,,,,,,,,,,,,,,,,,,,,
2048,MALNPOPP,11.25,6.325,6.053,6.139,11.43,,,,,,,,,,,,,,,,,,,,,,,,
2049,MALNPOPP,10.83,6.013,5.739,5.818,11.01,,,,,,,,,,,,,,,,,,,,,,,,
2050,MALNPOPP,10.41,5.716,5.435,5.514,10.6,,,,,,,,,,,,,,,,,,,,,,,,
2051,MALNPOPP,10.01,5.425,5.138,5.218,10.19,,,,,,,,,,,,,,,,,,,,,,,,
2052,MALNPOPP,9.607,5.144,4.853,4.924,9.794,,,,,,,,,,,,,,,,,,,,,,,,
2053,MALNPOPP,9.225,4.873,4.578,4.637,9.414,,,,,,,,,,,,,,,,,,,,,,,,
2054,MALNPOPP,8.853,4.611,4.284,4.362,9.043,,,,,,,,,,,,,,,,,,,,,,,,
2055,MALNPOPP,8.492,4.318,4.008,4.059,8.683,,,,,,,,,,,,,,,,,,,,,,,,
2056,MALNPOPP,8.143,4.085,3.769,3.814,8.332,,,,,,,,,,,,,,,,,,,,,,,,
2057,MALNPOPP,7.803,3.857,3.538,3.577,7.991,,,,,,,,,,,,,,,,,,,,,,,,
2058,MALNPOPP,7.476,3.631,3.319,3.354,7.658,,,,,,,,,,,,,,,,,,,,,,,,
2059,MALNPOPP,7.136,3.421,3.112,3.141,7.328,,,,,,,,,,,,,,,,,,,,,,,,
2060,MALNPOPP,6.822,3.222,2.913,2.938,7.004,,,,,,,,,,,,,,,,,,,,,,,,
2061,MALNPOPP,6.517,3.034,2.725,2.745,6.701,,,,,,,,,,,,,,,,,,,,,,,,
2062,MALNPOPP,6.221,2.853,2.544,2.562,6.407,,,,,,,,,,,,,,,,,,,,,,,,
2063,MALNPOPP,5.935,2.682,2.379,2.383,6.124,,,,,,,,,,,,,,,,,,,,,,,,
2064,MALNPOPP,5.659,2.452,2.223,2.221,5.848,,,,,,,,,,,,,,,,,,,,,,,,
2065,MALNPOPP,5.395,2.307,1.996,2.001,5.581,,,,,,,,,,,,,,,,,,,,,,,,
2066,MALNPOPP,5.14,2.168,1.859,1.862,5.322,,,,,,,,,,,,,,,,,,,,,,,,
2067,MALNPOPP,4.894,2.036,1.733,1.733,5.072,,,,,,,,,,,,,,,,,,,,,,,,
2068,MALNPOPP,4.612,1.912,1.609,1.611,4.835,,,,,,,,,,,,,,,,,,,,,,,,
2069,MALNPOPP,4.383,1.791,1.499,1.5,4.556,,,,,,,,,,,,,,,,,,,,,,,,
2070,MALNPOPP,4.162,1.675,1.392,1.396,4.326,,,,,,,,,,,,,,,,,,,,,,,,
2071,MALNPOPP,3.945,1.568,1.303,1.306,4.116,,,,,,,,,,,,,,,,,,,,,,,,
2072,MALNPOPP,3.739,1.472,1.217,1.22,3.91,,,,,,,,,,,,,,,,,,,,,,,,
2073,MALNPOPP,3.545,1.375,1.141,1.137,3.714,,,,,,,,,,,,,,,,,,,,,,,,
2074,MALNPOPP,3.36,1.265,1.065,1.059,3.519,,,,,,,,,,,,,,,,,,,,,,,,
2075,MALNPOPP,3.185,1.16,0.969,0.961,3.334,,,,,,,,,,,,,,,,,,,,,,,,
2076,MALNPOPP,3.019,1.08,0.889,0.88,3.161,,,,,,,,,,,,,,,,,,,,,,,,
2077,MALNPOPP,2.861,1.006,0.828,0.818,2.996,,,,,,,,,,,,,,,,,,,,,,,,
2078,MALNPOPP,2.712,0.933,0.776,0.765,2.841,,,,,,,,,,,,,,,,,,,,,,,,
2079,MALNPOPP,2.57,0.874,0.723,0.711,2.697,,,,,,,,,,,,,,,,,,,,,,,,
2080,MALNPOPP,2.433,0.812,0.672,0.66,2.557,,,,,,,,,,,,,,,,,,,,,,,,
2081,MALNPOPP,2.297,0.754,0.585,0.583,2.425,,,,,,,,,,,,,,,,,,,,,,,,
2082,MALNPOPP,2.177,0.7,0.543,0.532,2.294,,,,,,,,,,,,,,,,,,,,,,,,
2083,MALNPOPP,2.064,0.625,0.503,0.492,2.17,,,,,,,,,,,,,,,,,,,,,,,,
2084,MALNPOPP,1.956,0.579,0.465,0.454,2.058,,,,,,,,,,,,,,,,,,,,,,,,
2085,MALNPOPP,1.854,0.536,0.43,0.419,1.952,,,,,,,,,,,,,,,,,,,,,,,,
2086,MALNPOPP,1.759,0.497,0.398,0.386,1.851,,,,,,,,,,,,,,,,,,,,,,,,
2087,MALNPOPP,1.676,0.461,0.368,0.356,1.757,,,,,,,,,,,,,,,,,,,,,,,,
2088,MALNPOPP,1.594,0.428,0.34,0.328,1.674,,,,,,,,,,,,,,,,,,,,,,,,
2089,MALNPOPP,1.515,0.396,0.314,0.302,1.591,,,,,,,,,,,,,,,,,,,,,,,,
2090,MALNPOPP,1.442,0.367,0.289,0.278,1.515,,,,,,,,,,,,,,,,,,,,,,,,
2091,MALNPOPP,1.372,0.34,0.267,0.256,1.442,,,,,,,,,,,,,,,,,,,,,,,,
2092,MALNPOPP,1.307,0.315,0.246,0.236,1.374,,,,,,,,,,,,,,,,,,,,,,,,
2093,MALNPOPP,1.245,0.292,0.227,0.218,1.311,,,,,,,,,,,,,,,,,,,,,,,,
2094,MALNPOPP,1.183,0.259,0.208,0.2,1.247,,,,,,,,,,,,,,,,,,,,,,,,
2095,MALNPOPP,1.105,0.238,0.191,0.184,1.187,,,,,,,,,,,,,,,,,,,,,,,,
2096,MALNPOPP,1.049,0.219,0.175,0.17,1.112,,,,,,,,,,,,,,,,,,,,,,,,
2097,MALNPOPP,0.996,0.202,0.161,0.156,1.059,,,,,,,,,,,,,,,,,,,,,,,,
2098,MALNPOPP,0.945,0.185,0.148,0.144,1.008,,,,,,,,,,,,,,,,,,,,,,,,
2099,MALNPOPP,0.898,0.17,0.136,0.133,0.961,,,,,,,,,,,,,,,,,,,,,,,,
2100,MALNPOPP,0.853,0.157,0.125,0.122,0.915,,,,,,,,,,,,,,,,,,,,,,,,
2019,SFINTLWARALL,0.307,0.307,0.307,0.307,0.307,,,,,,,,,,,,,,,,,,,,,,,,
2020,SFINTLWARALL,0.389,0.389,0.389,0.389,0.389,,,,,,,,,,,,,,,,,,,,,,,,
2021,SFINTLWARALL,0.344,0.344,0.344,0.344,0.344,,,,,,,,,,,,,,,,,,,,,,,,
2022,SFINTLWARALL,0.327,0.327,0.327,0.327,0.327,,,,,,,,,,,,,,,,,,,,,,,,
2023,SFINTLWARALL,0.319,0.319,0.319,0.319,0.319,,,,,,,,,,,,,,,,,,,,,,,,
2024,SFINTLWARALL,0.312,0.311,0.312,0.312,0.312,,,,,,,,,,,,,,,,,,,,,,,,
2025,SFINTLWARALL,0.307,0.304,0.306,0.307,0.307,,,,,,,,,,,,,,,,,,,,,,,,
2026,SFINTLWARALL,0.304,0.299,0.301,0.303,0.304,,,,,,,,,,,,,,,,,,,,,,,,
2027,SFINTLWARALL,0.301,0.293,0.296,0.298,0.302,,,,,,,,,,,,,,,,,,,,,,,,
2028,SFINTLWARALL,0.299,0.286,0.29,0.293,0.299,,,,,,,,,,,,,,,,,,,,,,,,
2029,SFINTLWARALL,0.297,0.281,0.284,0.287,0.297,,,,,,,,,,,,,,,,,,,,,,,,
2030,SFINTLWARALL,0.294,0.275,0.278,0.282,0.294,,,,,,,,,,,,,,,,,,,,,,,,
2031,SFINTLWARALL,0.29,0.269,0.29,0.291,0.291,,,,,,,,,,,,,,,,,,,,,,,,
2032,SFINTLWARALL,0.287,0.262,0.269,0.272,0.287,,,,,,,,,,,,,,,,,,,,,,,,
2033,SFINTLWARALL,0.283,0.255,0.26,0.263,0.283,,,,,,,,,,,,,,,,,,,,,,,,
2034,SFINTLWARALL,0.279,0.248,0.251,0.255,0.279,,,,,,,,,,,,,,,,,,,,,,,,
2035,SFINTLWARALL,0.275,0.241,0.244,0.247,0.275,,,,,,,,,,,,,,,,,,,,,,,,
2036,SFINTLWARALL,0.272,0.234,0.237,0.24,0.272,,,,,,,,,,,,,,,,,,,,,,,,
2037,SFINTLWARALL,0.268,0.229,0.231,0.234,0.268,,,,,,,,,,,,,,,,,,,,,,,,
2038,SFINTLWARALL,0.265,0.225,0.226,0.227,0.265,,,,,,,,,,,,,,,,,,,,,,,,
2039,SFINTLWARALL,0.261,0.221,0.222,0.222,0.261,,,,,,,,,,,,,,,,,,,,,,,,
2040,SFINTLWARALL,0.258,0.217,0.218,0.218,0.258,,,,,,,,,,,,,,,,,,,,,,,,
2041,SFINTLWARALL,0.254,0.214,0.215,0.215,0.255,,,,,,,,,,,,,,,,,,,,,,,,
2042,SFINTLWARALL,0.251,0.212,0.212,0.212,0.251,,,,,,,,,,,,,,,,,,,,,,,,
2043,SFINTLWARALL,0.247,0.21,0.21,0.21,0.248,,,,,,,,,,,,,,,,,,,,,,,,
2044,SFINTLWARALL,0.243,0.207,0.207,0.207,0.245,,,,,,,,,,,,,,,,,,,,,,,,
2045,SFINTLWARALL,0.24,0.205,0.205,0.205,0.241,,,,,,,,,,,,,,,,,,,,,,,,
2046,SFINTLWARALL,0.237,0.203,0.203,0.203,0.237,,,,,,,,,,,,,,,,,,,,,,,,
2047,SFINTLWARALL,0.233,0.2,0.201,0.201,0.234,,,,,,,,,,,,,,,,,,,,,,,,
2048,SFINTLWARALL,0.23,0.198,0.199,0.199,0.231,,,,,,,,,,,,,,,,,,,,,,,,
2049,SFINTLWARALL,0.227,0.196,0.197,0.197,0.228,,,,,,,,,,,,,,,,,,,,,,,,
2050,SFINTLWARALL,0.225,0.195,0.196,0.196,0.226,,,,,,,,,,,,,,,,,,,,,,,,
2051,SFINTLWARALL,0.223,0.194,0.195,0.194,0.225,,,,,,,,,,,,,,,,,,,,,,,,
2052,SFINTLWARALL,0.221,0.192,0.194,0.193,0.222,,,,,,,,,,,,,,,,,,,,,,,,
2053,SFINTLWARALL,0.219,0.191,0.193,0.191,0.221,,,,,,,,,,,,,,,,,,,,,,,,
2054,SFINTLWARALL,0.217,0.189,0.191,0.19,0.219,,,,,,,,,,,,,,,,,,,,,,,,
2055,SFINTLWARALL,0.216,0.188,0.19,0.188,0.217,,,,,,,,,,,,,,,,,,,,,,,,
2056,SFINTLWARALL,0.214,0.186,0.187,0.186,0.215,,,,,,,,,,,,,,,,,,,,,,,,
2057,SFINTLWARALL,0.212,0.183,0.185,0.185,0.213,,,,,,,,,,,,,,,,,,,,,,,,
2058,SFINTLWARALL,0.21,0.181,0.182,0.184,0.211,,,,,,,,,,,,,,,,,,,,,,,,
2059,SFINTLWARALL,0.208,0.179,0.181,0.181,0.209,,,,,,,,,,,,,,,,,,,,,,,,
2060,SFINTLWARALL,0.206,0.178,0.179,0.179,0.207,,,,,,,,,,,,,,,,,,,,,,,,
2061,SFINTLWARALL,0.204,0.176,0.177,0.176,0.205,,,,,,,,,,,,,,,,,,,,,,,,
2062,SFINTLWARALL,0.201,0.173,0.174,0.174,0.202,,,,,,,,,,,,,,,,,,,,,,,,
2063,SFINTLWARALL,0.199,0.171,0.172,0.169,0.2,,,,,,,,,,,,,,,,,,,,,,,,
2064,SFINTLWARALL,0.197,0.165,0.167,0.164,0.198,,,,,,,,,,,,,,,,,,,,,,,,
2065,SFINTLWARALL,0.195,0.16,0.161,0.158,0.195,,,,,,,,,,,,,,,,,,,,,,,,
2066,SFINTLWARALL,0.192,0.153,0.155,0.153,0.193,,,,,,,,,,,,,,,,,,,,,,,,
2067,SFINTLWARALL,0.19,0.148,0.15,0.151,0.191,,,,,,,,,,,,,,,,,,,,,,,,
2068,SFINTLWARALL,0.187,0.144,0.146,0.147,0.189,,,,,,,,,,,,,,,,,,,,,,,,
2069,SFINTLWARALL,0.185,0.141,0.142,0.143,0.186,,,,,,,,,,,,,,,,,,,,,,,,
2070,SFINTLWARALL,0.182,0.137,0.139,0.14,0.184,,,,,,,,,,,,,,,,,,,,,,,,
2071,SFINTLWARALL,0.179,0.134,0.136,0.136,0.181,,,,,,,,,,,,,,,,,,,,,,,,
2072,SFINTLWARALL,0.175,0.131,0.133,0.132,0.178,,,,,,,,,,,,,,,,,,,,,,,,
2073,SFINTLWARALL,0.17,0.129,0.13,0.128,0.174,,,,,,,,,,,,,,,,,,,,,,,,
2074,SFINTLWARALL,0.165,0.126,0.127,0.124,0.169,,,,,,,,,,,,,,,,,,,,,,,,
2075,SFINTLWARALL,0.161,0.123,0.124,0.12,0.164,,,,,,,,,,,,,,,,,,,,,,,,
2076,SFINTLWARALL,0.157,0.121,0.122,0.118,0.16,,,,,,,,,,,,,,,,,,,,,,,,
2077,SFINTLWARALL,0.153,0.119,0.12,0.116,0.157,,,,,,,,,,,,,,,,,,,,,,,,
2078,SFINTLWARALL,0.15,0.116,0.118,0.113,0.154,,,,,,,,,,,,,,,,,,,,,,,,
2079,SFINTLWARALL,0.147,0.114,0.117,0.111,0.151,,,,,,,,,,,,,,,,,,,,,,,,
2080,SFINTLWARALL,0.144,0.112,0.114,0.109,0.147,,,,,,,,,,,,,,,,,,,,,,,,
2081,SFINTLWARALL,0.141,0.107,0.11,0.105,0.144,,,,,,,,,,,,,,,,,,,,,,,,
2082,SFINTLWARALL,0.139,0.103,0.105,0.1,0.142,,,,,,,,,,,,,,,,,,,,,,,,
2083,SFINTLWARALL,0.137,0.098,0.099,0.096,0.139,,,,,,,,,,,,,,,,,,,,,,,,
2084,SFINTLWARALL,0.135,0.094,0.094,0.091,0.137,,,,,,,,,,,,,,,,,,,,,,,,
2085,SFINTLWARALL,0.133,0.09,0.089,0.087,0.135,,,,,,,,,,,,,,,,,,,,,,,,
2086,SFINTLWARALL,0.13,0.086,0.084,0.084,0.133,,,,,,,,,,,,,,,,,,,,,,,,
2087,SFINTLWARALL,0.128,0.082,0.08,0.079,0.13,,,,,,,,,,,,,,,,,,,,,,,,
2088,SFINTLWARALL,0.124,0.078,0.076,0.075,0.128,,,,,,,,,,,,,,,,,,,,,,,,
2089,SFINTLWARALL,0.121,0.074,0.071,0.07,0.125,,,,,,,,,,,,,,,,,,,,,,,,
2090,SFINTLWARALL,0.117,0.071,0.067,0.067,0.121,,,,,,,,,,,,,,,,,,,,,,,,
2091,SFINTLWARALL,0.112,0.068,0.064,0.064,0.117,,,,,,,,,,,,,,,,,,,,,,,,
2092,SFINTLWARALL,0.108,0.066,0.061,0.062,0.113,,,,,,,,,,,,,,,,,,,,,,,,
2093,SFINTLWARALL,0.103,0.063,0.059,0.059,0.108,,,,,,,,,,,,,,,,,,,,,,,,
2094,SFINTLWARALL,0.099,0.06,0.057,0.057,0.103,,,,,,,,,,,,,,,,,,,,,,,,
2095,SFINTLWARALL,0.095,0.058,0.056,0.055,0.098,,,,,,,,,,,,,,,,,,,,,,,,
2096,SFINTLWARALL,0.091,0.055,0.055,0.054,0.094,,,,,,,,,,,,,,,,,,,,,,,,
2097,SFINTLWARALL,0.087,0.054,0.054,0.053,0.09,,,,,,,,,,,,,,,,,,,,,,,,
2098,SFINTLWARALL,0.084,0.053,0.053,0.053,0.087,,,,,,,,,,,,,,,,,,,,,,,,
2099,SFINTLWARALL,0.083,0.053,0.052,0.052,0.084,,,,,,,,,,,,,,,,,,,,,,,,
2100,SFINTLWARALL,0.081,0.052,0.052,0.051,0.082,,,,,,,,,,,,,,,,,,,,,,,,
